 DATE,PRICE,OPEN,HIGH,LOW,VOLUME,CHANGE%,DAY
27-Oct-20,57.92,56.848,58.422,56.445,12.5,1.92%,711
26-Oct-20,56.826,58.852,59.33,55.076,12.76,-3.44%,710
25-Oct-20,58.852,59.266,60.025,56.56,14.02,-0.69%,709
24-Oct-20,59.263,55.431,59.61,54.818,13.89,6.91%,708
23-Oct-20,55.431,54.348,56.964,53.112,11.95,2.00%,707
22-Oct-20,54.346,52.956,56.267,52.956,10.32,2.52%,706
21-Oct-20,53.012,46.905,54.977,46.851,13.47,13.02%,705
20-Oct-20,46.905,48.015,48.446,46.45,8.44,-2.28%,704
19-Oct-20,47.997,47.549,48.453,46.791,6.96,1.00%,703
18-Oct-20,47.52,46.948,47.869,46.791,30.58,1.18%,702
17-Oct-20,46.968,47.586,47.644,46.331,20.21,-1.29%,701
16-Oct-20,47.581,49.557,49.857,45.624,9.54,-3.97%,700
15-Oct-20,49.549,49.833,50.204,48.871,15.54,-0.53%,699
14-Oct-20,49.814,49.894,50.987,49.279,10.68,-0.15%,698
13-Oct-20,49.892,50.605,50.682,48.851,8.48,-1.41%,697
12-Oct-20,50.605,50.506,51.515,49.336,11.75,0.30%,696
11-Oct-20,50.455,48.888,51.243,48.661,12.34,3.26%,695
10-Oct-20,48.861,47.761,50.549,47.743,16.43,2.25%,694
09-Oct-20,47.787,47.198,48.205,46.601,9.94,1.30%,693
08-Oct-20,47.172,46.569,47.467,45.512,11.62,1.23%,692
07-Oct-20,46.596,45.982,46.927,45.009,11.63,1.34%,691
06-Oct-20,45.982,46.332,48.267,45.55,15.51,-0.77%,690
05-Oct-20,46.34,46.663,47.056,45.532,13.47,-0.78%,689
04-Oct-20,46.707,45.492,47.029,45.272,11.3,2.61%,688
03-Oct-20,45.518,44.917,45.976,44.726,9.79,1.39%,687
02-Oct-20,44.892,46.237,46.959,43.299,10.49,-2.99%,686
01-Oct-20,46.276,46.266,48.477,45.324,14.41,0.04%,685
30-Sep-20,46.258,45.697,46.714,45.423,10.93,1.23%,684
29-Sep-20,45.697,45.195,45.857,44.953,11.04,1.00%,683
28-Sep-20,45.246,46.042,47.12,44.851,10.51,-1.81%,682
27-Sep-20,46.078,46.019,46.538,44.582,19.53,0.07%,681
26-Sep-20,46.047,46.002,46.54,45.179,18.32,0.05%,680
25-Sep-20,46.025,44.947,46.556,43.962,8.88,2.40%,679
24-Sep-20,44.947,42.978,45.182,42.582,14.85,4.65%,678
23-Sep-20,42.95,44.453,45.13,42.31,7.59,-3.43%,677
22-Sep-20,44.478,43.148,44.787,42.792,10.24,3.08%,676
21-Sep-20,43.147,47.118,47.656,41.932,10.77,-8.35%,675
20-Sep-20,47.076,48.492,48.527,46.201,9.82,-2.92%,674
19-Sep-20,48.492,48.539,48.989,47.952,10.23,-0.13%,673
18-Sep-20,48.557,48.832,49.067,47.529,10.95,-0.62%,672
17-Sep-20,48.858,47.762,49.542,47.629,8.62,2.36%,671
16-Sep-20,47.73,48.294,48.734,46.997,9.69,-1.21%,670
15-Sep-20,48.316,49.114,50.28,48.127,8.99,-1.56%,669
14-Sep-20,49.081,48.153,49.618,47.133,10.63,1.92%,668
13-Sep-20,48.156,50.833,51.02,47.316,9.46,-5.26%,667
12-Sep-20,50.828,48.927,51.309,48.374,14.21,3.88%,666
11-Sep-20,48.927,48.669,49.395,47.43,12.74,0.53%,665
10-Sep-20,48.669,47.833,49.429,47.785,13.86,1.75%,664
09-Sep-20,47.834,47.46,48.815,46.54,12.84,0.79%,663
08-Sep-20,47.458,48.839,49.337,46.035,15.52,-2.83%,662
07-Sep-20,48.839,47.91,49.137,45.262,14.21,1.93%,661
06-Sep-20,47.914,47.812,49.137,46.303,13.79,0.21%,660
05-Sep-20,47.812,50.364,51.241,45.562,17.37,-5.05%,659
04-Sep-20,50.353,47.47,52.364,46.612,16.21,6.13%,658
03-Sep-20,47.444,58.06,58.6,45.646,16.63,-18.32%,657
02-Sep-20,58.087,62.697,63.168,56.658,14.91,-7.40%,656
01-Sep-20,62.73,60.957,64.273,59.857,13.69,2.91%,655
31-Aug-20,60.957,62.87,63.677,60.588,14.61,-3.04%,654
30-Aug-20,62.87,56.952,62.883,56.931,14.95,10.39%,653
29-Aug-20,56.952,57.41,58.188,56.952,11.65,-0.80%,652
28-Aug-20,57.412,56.083,58.184,55.334,13.96,2.38%,651
27-Aug-20,56.076,58.087,59.232,54.046,12.69,-3.46%,650
26-Aug-20,58.087,58.347,59.062,57.028,11.47,-0.45%,649
25-Aug-20,58.349,62.09,62.292,56.687,13.87,-6.03%,648
24-Aug-20,62.092,60.546,62.987,59.973,12.77,2.57%,647
23-Aug-20,60.537,60.228,61.605,58.051,12.58,0.51%,646
22-Aug-20,60.228,59.181,60.497,57.789,12.52,1.82%,645
21-Aug-20,59.152,62.783,63.871,58.815,16.34,-5.78%,644
20-Aug-20,62.783,62.104,63.541,61.024,14.91,1.09%,643
19-Aug-20,62.105,65.447,67.108,58.961,17.51,-5.11%,642
18-Aug-20,65.45,67.199,68.354,63.636,20.15,-2.60%,641
17-Aug-20,67.198,63.881,68.877,61.552,20.2,5.19%,640
16-Aug-20,63.88,59.822,64.552,58.156,19.19,6.70%,639
15-Aug-20,59.868,56.679,60.593,56.6,18.73,5.63%,638
14-Aug-20,56.679,57.135,57.726,55.917,13.35,-0.80%,637
13-Aug-20,57.133,54.517,57.284,51.951,16.02,4.80%,636
12-Aug-20,54.516,54.102,55.018,51.726,15,0.76%,635
11-Aug-20,54.102,58.281,59.668,52.484,14.13,-7.17%,634
10-Aug-20,58.281,56.949,59.39,56.69,11.36,2.34%,633
09-Aug-20,56.949,58.445,58.667,56.098,5.79,-2.56%,632
08-Aug-20,58.446,57.186,58.531,56.489,6.58,2.20%,631
07-Aug-20,57.186,59.043,60.995,55.082,10.73,-3.15%,630
06-Aug-20,59.044,58.864,60.633,57.704,11.63,0.31%,629
05-Aug-20,58.864,57.601,59.76,56.885,10.76,2.19%,628
04-Aug-20,57.601,58.488,59.569,56.531,10.28,-1.51%,627
03-Aug-20,58.485,56.766,60.002,55.891,11.49,3.04%,626
02-Aug-20,56.76,61.637,65.098,52.585,20.58,-7.91%,625
01-Aug-20,61.637,58.16,62.217,57.561,16.69,5.99%,624
31-Jul-20,58.156,56.738,59.207,55.799,12.08,2.50%,623
30-Jul-20,56.737,55.17,58.529,53.987,17.69,2.85%,622
29-Jul-20,55.166,55.754,56.966,54.972,13.08,-1.06%,621
28-Jul-20,55.756,53.263,57.706,51.794,17.79,4.69%,620
27-Jul-20,53.258,48.072,55.63,47.001,19.59,10.79%,619
26-Jul-20,48.073,49.154,50.738,47.69,16.21,-2.20%,618
25-Jul-20,49.153,44.1,49.503,44.038,13.62,11.46%,617
24-Jul-20,44.1,44.939,44.959,43.951,6.61,-1.87%,616
23-Jul-20,44.939,44.984,45.644,44.522,10.99,-0.10%,615
22-Jul-20,44.983,43.786,45.09,43.206,7.85,2.74%,614
21-Jul-20,43.785,41.954,44.079,41.88,7.2,4.37%,613
20-Jul-20,41.954,42.633,42.802,41.486,6.78,-1.62%,612
19-Jul-20,42.647,42.468,42.884,41.84,6.69,0.42%,611
18-Jul-20,42.468,41.892,42.848,41.749,7.35,1.38%,610
17-Jul-20,41.892,42.081,42.464,41.723,8.7,-0.45%,609
16-Jul-20,42.081,43.35,43.501,40.967,9.11,-2.93%,608
15-Jul-20,43.35,43.896,44.07,42.9,9.51,-1.24%,607
14-Jul-20,43.896,43.943,44.045,42.859,17.61,-0.06%,606
13-Jul-20,43.922,44.737,45.586,42.741,24.85,-1.82%,605
12-Jul-20,44.737,44.696,45.251,43.745,23.41,0.09%,604
11-Jul-20,44.697,44.307,44.77,43.891,10.64,0.88%,603
10-Jul-20,44.307,44.367,44.595,43.486,11.4,-0.14%,602
09-Jul-20,44.368,45.333,45.866,43.587,11.85,-2.16%,601
08-Jul-20,45.348,43.364,45.599,43.074,13.32,4.57%,600
07-Jul-20,43.364,44.097,44.419,43.07,7.4,-1.65%,599
06-Jul-20,44.093,41.657,44.208,41.523,10.93,5.85%,598
05-Jul-20,41.657,42.077,42.166,40.812,5.62,-1.00%,597
04-Jul-20,42.077,41.211,42.172,41.12,5.75,2.10%,596
03-Jul-20,41.212,41.05,41.678,40.911,6.22,0.39%,595
02-Jul-20,41.05,41.728,41.9,40.391,7.11,-1.63%,594
01-Jul-20,41.728,41.194,41.964,41.016,6.19,1.29%,593
30-Jun-20,41.196,41.842,42.015,40.818,6.6,-1.53%,592
29-Jun-20,41.837,41.396,42.243,40.647,7.53,1.07%,591
28-Jun-20,41.396,41.077,42.013,40.474,6.89,0.77%,590
27-Jun-20,41.078,43.068,43.102,39.323,7.53,-4.62%,589
26-Jun-20,43.07,42.336,43.517,41.435,10.3,1.72%,588
25-Jun-20,42.341,42.625,42.982,41.795,7.73,-0.67%,587
24-Jun-20,42.625,44.167,44.648,42.219,9.24,-3.50%,586
23-Jun-20,44.171,44.292,44.486,43.907,4.65,-0.27%,585
22-Jun-20,44.292,42.996,44.634,42.943,7.06,3.01%,584
21-Jun-20,42.996,43.588,43.822,42.889,5.23,-1.36%,583
20-Jun-20,43.59,42.887,43.853,42.367,5.93,1.64%,582
19-Jun-20,42.887,43.444,43.676,42.74,4.66,-1.28%,581
18-Jun-20,43.444,44.08,44.21,42.871,6.38,-1.45%,580
17-Jun-20,44.083,43.868,44.705,43.085,8.15,0.48%,579
16-Jun-20,43.873,43.752,44.171,43.413,9.32,0.28%,578
15-Jun-20,43.752,44.047,44.073,41.858,11.28,-0.65%,577
14-Jun-20,44.039,45.107,45.118,43.602,7.3,-2.36%,576
13-Jun-20,45.104,44.742,45.183,44.304,7.81,0.81%,575
12-Jun-20,44.742,43.262,45.335,42.832,9.9,3.44%,574
11-Jun-20,43.252,46.657,46.927,42.161,12.48,-7.29%,573
10-Jun-20,46.653,45.88,47.051,45.674,9.3,1.70%,572
09-Jun-20,45.873,46.405,46.785,45.401,8.41,-1.14%,571
08-Jun-20,46.404,46.638,46.761,45.968,10.02,-0.50%,570
07-Jun-20,46.638,46.795,46.981,45.191,10.71,-0.33%,569
06-Jun-20,46.794,46.832,47.214,46.254,9.61,-0.08%,568
05-Jun-20,46.833,47.437,47.952,46.619,11.37,-1.28%,567
04-Jun-20,47.44,47.15,48.077,46.424,12.18,0.62%,566
03-Jun-20,47.149,46.016,47.493,45.331,12.43,2.46%,565
02-Jun-20,46.018,48.206,49.93,44.754,16.38,-4.53%,564
01-Jun-20,48.201,45.611,48.579,45.375,10.4,5.68%,563
31-May-20,45.611,47.73,47.79,45.182,12.4,-4.47%,562
30-May-20,47.746,44.502,48.011,44.208,13.38,7.29%,561
29-May-20,44.503,44.723,45.267,44.233,10.43,-0.49%,560
28-May-20,44.723,43.847,44.868,43.177,10.01,2.00%,559
27-May-20,43.847,42.274,43.991,42.231,9.38,3.75%,558
26-May-20,42.263,42.981,43.058,41.842,8.26,-1.67%,557
25-May-20,42.981,42.147,43.263,41.831,5.98,1.97%,556
24-May-20,42.152,43.874,44.533,42.152,9.73,-3.93%,555
23-May-20,43.875,44.203,44.735,43.705,8,-0.76%,554
22-May-20,44.21,42.931,44.643,42.391,10.41,2.98%,553
21-May-20,42.93,44.229,44.596,41.733,12.04,-2.92%,552
20-May-20,44.22,45.714,46.131,43.362,11.74,-3.29%,551
19-May-20,45.726,45.313,45.764,44.183,11.88,0.91%,550
18-May-20,45.313,43.67,46.503,43.655,16.79,3.76%,549
17-May-20,43.672,43.26,44.465,43.103,13.48,0.94%,548
16-May-20,43.264,42.737,43.863,42.512,12.69,1.24%,547
15-May-20,42.732,43.981,44.15,42.183,11.7,-2.84%,546
14-May-20,43.982,43.179,44.356,42.344,12.72,1.86%,545
13-May-20,43.178,42.184,43.735,41.959,10.54,2.36%,544
12-May-20,42.184,41.542,42.793,41.334,12.79,1.37%,543
11-May-20,41.613,42.101,42.849,39.575,15.36,-1.19%,542
10-May-20,42.115,47.019,47.019,39.993,18.6,-10.43%,541
09-May-20,47.02,47.711,49.088,46.951,10.08,-1.48%,540
08-May-20,47.725,47.364,48.398,46.39,10.76,0.79%,539
07-May-20,47.353,44.96,48.16,44.551,13.6,5.31%,538
06-May-20,44.963,46.549,47.526,44.822,10.17,-3.41%,537
05-May-20,46.549,46.971,47.736,45.826,8.21,-0.90%,536
04-May-20,46.971,48.049,48.159,45.236,13.18,-2.29%,535
03-May-20,48.073,49.214,49.929,46.847,13.38,-2.32%,534
02-May-20,49.212,47.089,49.529,46.774,11.06,4.51%,533
01-May-20,47.086,46.39,48.221,46.365,10.8,1.48%,532
30-Apr-20,46.4,48.805,50.8,45.859,14.83,-4.92%,531
29-Apr-20,48.802,45.732,49.844,45.71,18.11,6.71%,530
28-Apr-20,45.734,44.46,46.02,43.434,13.73,2.87%,529
27-Apr-20,44.46,44.565,45.19,43.24,21.97,-0.24%,528
26-Apr-20,44.566,44.376,45.37,43.861,23.95,0.32%,527
25-Apr-20,44.423,44.426,45.578,43.891,20.91,-0.09%,526
24-Apr-20,44.463,42.97,44.92,42.841,19.24,3.49%,525
23-Apr-20,42.965,41.818,43.876,41.003,23.77,2.74%,524
22-Apr-20,41.819,40.59,42.263,40.285,16.84,3.03%,523
21-Apr-20,40.589,40.229,41.28,40.038,15.12,0.93%,522
20-Apr-20,40.214,42.246,43.203,39.638,21.8,-4.79%,521
19-Apr-20,42.236,44.142,44.265,41.901,15.51,-4.31%,520
18-Apr-20,44.137,42.19,44.4,42.059,9.75,4.58%,519
17-Apr-20,42.206,42.547,42.983,41.64,8.9,-0.80%,518
16-Apr-20,42.547,39.336,43.549,38.012,12.58,8.14%,517
15-Apr-20,39.346,41.253,41.7,39.235,9.19,-4.62%,516
14-Apr-20,41.253,41.199,41.826,40.528,9.76,0.13%,515
13-Apr-20,41.199,42.02,42.03,39.763,18.78,-1.96%,514
12-Apr-20,42.021,42.531,43.559,41.857,12.09,-1.20%,513
11-Apr-20,42.532,42.27,43.136,41.488,10.71,0.62%,512
10-Apr-20,42.27,46.275,46.449,40.957,16.45,-8.66%,511
09-Apr-20,46.278,46.542,46.861,44.924,11.47,-0.57%,510
08-Apr-20,46.542,44.882,47.25,44.348,11.65,3.69%,509
07-Apr-20,44.885,45.008,47.605,43.864,12.25,-0.28%,508
06-Apr-20,45.011,40.342,45.014,40.307,18.09,11.57%,507
05-Apr-20,40.342,40.709,40.988,39.948,10.59,-0.90%,506
04-Apr-20,40.709,40.476,41.073,40.009,12.54,0.53%,505
03-Apr-20,40.493,39.906,41.238,39.682,14.52,1.50%,504
02-Apr-20,39.895,39.215,42.712,38.443,23.08,1.74%,503
01-Apr-20,39.214,39.058,39.429,37.2,21.16,0.35%,502
31-Mar-20,39.078,38.924,39.562,38.414,20.82,0.40%,501
30-Mar-20,38.923,37.194,39.605,37.18,17.05,4.68%,500
29-Mar-20,37.185,38.848,39.101,37.117,7.79,-4.29%,499
28-Mar-20,38.851,38.059,39.391,36.675,11.48,2.09%,498
27-Mar-20,38.056,40.412,41.131,38.003,9.22,-5.83%,497
26-Mar-20,40.413,39.181,40.444,38.517,8.58,3.14%,496
25-Mar-20,39.181,40.575,40.946,38.209,9.14,-3.43%,495
24-Mar-20,40.573,39.05,40.952,38.284,9.97,3.90%,494
23-Mar-20,39.051,35.429,39.77,34.839,12.43,10.22%,493
22-Mar-20,35.431,38.347,39.661,35.001,11.16,-7.60%,492
21-Mar-20,38.347,38.046,39.751,36.468,11.98,0.79%,491
20-Mar-20,38.045,38.976,43.486,34.473,18.67,-2.38%,490
19-Mar-20,38.974,34.709,40.566,34.033,16.87,12.30%,489
18-Mar-20,34.706,34.172,34.786,32.417,13.48,1.53%,488
17-Mar-20,34.184,33.134,35.779,32.536,14.09,3.19%,487
16-Mar-20,33.127,36.391,36.391,29.447,20.03,-8.97%,486
15-Mar-20,36.392,34.435,38.528,34.071,12.73,5.67%,485
14-Mar-20,34.44,37.556,37.637,33.872,14.03,-8.29%,484
13-Mar-20,37.552,29.852,39.837,24.353,40.42,25.85%,483
12-Mar-20,29.839,48.553,48.744,28.955,31.69,-38.54%,482
11-Mar-20,48.55,50.203,50.716,45.646,10.46,-3.28%,481
10-Mar-20,50.197,50.497,51.362,49.063,9.85,-0.62%,480
09-Mar-20,50.507,50.974,52.204,46.751,16.44,-0.89%,479
08-Mar-20,50.96,60.454,60.456,50.787,11.83,-15.70%,478
07-Mar-20,60.454,63.203,63.813,60.089,7.58,-4.36%,477
06-Mar-20,63.211,62.065,63.784,61.26,8.76,1.86%,476
05-Mar-20,62.057,60.346,63.188,60.346,9.15,2.84%,475
04-Mar-20,60.345,61.011,61.737,58.891,7.77,-1.09%,474
03-Mar-20,61.011,61.416,62.34,59.564,9.41,-0.66%,473
02-Mar-20,61.415,57.75,62.27,57.334,10.71,6.31%,472
01-Mar-20,57.768,58.078,60.217,56.293,9.85,-0.53%,471
29-Feb-20,58.078,59.904,61.582,58.062,8.87,-3.05%,470
28-Feb-20,59.904,61.672,63.302,56.953,13.75,-2.87%,469
27-Feb-20,61.671,60.589,64.98,57.313,15.07,1.79%,468
26-Feb-20,60.589,71.056,72.12,57.913,18.33,-14.72%,467
25-Feb-20,71.045,75.579,75.969,69.882,11.89,-6.00%,466
24-Feb-20,75.579,79.673,79.678,71.906,13.52,-5.18%,465
23-Feb-20,79.706,74.817,79.92,74.722,11.93,6.53%,464
22-Feb-20,74.818,73.288,76.642,72.422,11.56,2.08%,463
21-Feb-20,73.291,69.455,75.161,68.633,12.13,5.52%,462
20-Feb-20,69.455,70.782,72.339,66.495,12.45,-1.87%,461
19-Feb-20,70.782,77.173,79.041,68.264,12.1,-8.28%,460
18-Feb-20,77.173,73.357,78.911,70.217,10.64,5.22%,459
17-Feb-20,73.341,74.867,75.411,68.653,12.14,-2.04%,458
16-Feb-20,74.866,76.744,80.681,67.961,15.15,-2.44%,457
15-Feb-20,76.741,82.959,83.359,75.182,11.58,-7.50%,456
14-Feb-20,82.965,80.597,83.619,78.772,8.69,2.93%,455
13-Feb-20,80.601,81.194,84.086,77.481,13.61,-0.73%,454
12-Feb-20,81.19,76.524,82.741,76.507,10.96,6.10%,453
11-Feb-20,76.524,74.095,77.351,72.73,8.05,3.27%,452
10-Feb-20,74.1,77.023,77.426,72.362,9.46,-3.80%,451
09-Feb-20,77.023,76.613,78.372,75.148,7.52,0.53%,450
08-Feb-20,76.613,74.338,77.76,71.638,9.38,3.06%,449
07-Feb-20,74.338,73.594,75.42,72.663,8.35,1.01%,448
06-Feb-20,73.594,72.566,75.007,70.97,9.75,1.42%,447
05-Feb-20,72.563,68.067,73.382,67.668,8.84,6.61%,446
04-Feb-20,68.063,69.705,70.452,68.063,7.19,-2.36%,445
03-Feb-20,69.705,69.959,72.878,68.586,8.88,-0.35%,444
02-Feb-20,69.953,70.751,73.344,67.924,10.55,-1.13%,443
01-Feb-20,70.751,68.041,72.714,67.684,12.07,3.98%,442
31-Jan-20,68.044,67.967,69.762,65.535,12.17,0.11%,441
30-Jan-20,67.969,59.816,70.141,58.338,14.45,13.63%,440
29-Jan-20,59.817,60.554,62.387,59.491,7.98,-1.21%,439
28-Jan-20,60.549,58.574,61.551,57.468,9.03,3.37%,438
27-Jan-20,58.574,56.255,59.546,55.963,7.6,4.12%,437
26-Jan-20,56.255,53.269,56.395,52.919,5.43,5.60%,436
25-Jan-20,53.272,54.39,54.397,52.405,5.06,-2.06%,435
24-Jan-20,54.39,54.485,55.364,50.87,8.02,-0.17%,434
23-Jan-20,54.484,58.311,58.363,52.736,7.37,-6.56%,433
22-Jan-20,58.309,57.597,59.175,57.229,4.25,1.24%,432
21-Jan-20,57.597,57.2,58.084,56.066,4.5,0.70%,431
20-Jan-20,57.2,57.67,58.223,55.88,5.47,-0.84%,430
19-Jan-20,57.681,59.285,62.314,55.804,8.51,-2.71%,429
18-Jan-20,59.29,61.064,62.391,58.083,8.3,-2.91%,428
17-Jan-20,61.064,57.63,63.189,56.786,10.61,5.96%,427
16-Jan-20,57.632,58.184,58.463,54.932,8.17,-0.94%,426
15-Jan-20,58.18,58.535,58.535,55.378,11.65,-0.61%,425
14-Jan-20,58.539,49.594,60.711,49.59,15.7,18.04%,424
13-Jan-20,49.591,51.386,51.493,48.968,6.31,-3.49%,423
12-Jan-20,51.383,49.436,51.541,48.878,7.54,3.93%,422
11-Jan-20,49.438,49.05,51.859,47.964,9.34,0.80%,421
10-Jan-20,49.044,44.779,49.622,43.835,9.45,9.51%,420
09-Jan-20,44.784,45.375,45.788,43.978,6.2,-1.30%,419
08-Jan-20,45.374,46.397,48.446,44.345,9.59,-2.21%,418
07-Jan-20,46.4,45.778,46.654,44.631,9.54,1.36%,417
06-Jan-20,45.778,43.456,45.778,43.316,8.13,5.34%,416
05-Jan-20,43.458,42.855,43.458,42.727,7.15,1.41%,415
04-Jan-20,42.855,42.183,42.893,41.833,6.35,1.61%,414
03-Jan-20,42.178,39.558,42.321,38.972,7.14,6.63%,413
02-Jan-20,39.556,41.627,41.78,39.43,5.6,-4.98%,412
01-Jan-20,41.627,41.288,42.136,41.142,5.44,0.82%,411
31-Dec-19,41.287,42.425,43.032,41.111,7.3,-2.68%,410
30-Dec-19,42.425,43.154,44.18,41.871,8.9,-1.68%,409
29-Dec-19,43.152,42.751,43.698,42.151,10.14,0.94%,408
28-Dec-19,42.751,41.037,43.774,40.968,9.65,4.16%,407
27-Dec-19,41.044,40.087,41.044,39.763,8.09,2.38%,406
26-Dec-19,40.088,40.102,41.688,39.629,7.34,-0.03%,405
25-Dec-19,40.102,40.381,40.45,39.486,6.83,-0.69%,404
24-Dec-19,40.381,40.688,41.134,39.826,7.76,-0.75%,403
23-Dec-19,40.687,41.836,42.595,40.432,9.37,-2.74%,402
22-Dec-19,41.834,39.678,42.118,39.607,8.91,5.43%,401
21-Dec-19,39.678,40.098,40.118,39.447,6.02,-1.04%,400
20-Dec-19,40.097,39.639,40.381,39.303,6.53,1.15%,399
19-Dec-19,39.639,40.745,41.064,39.118,10.25,-2.79%,398
18-Dec-19,40.778,36.987,41.45,35.944,17.63,10.25%,397
17-Dec-19,36.986,39.984,40.136,36.501,15.75,-7.50%,396
16-Dec-19,39.984,43.472,43.598,39.306,11.06,-8.02%,395
15-Dec-19,43.472,43.273,44,42.931,6.72,0.46%,394
14-Dec-19,43.273,44.44,44.674,43.236,6.95,-2.63%,393
13-Dec-19,44.44,43.615,44.557,43.485,7.67,1.89%,392
12-Dec-19,43.615,44.144,44.324,42.982,8.31,-1.20%,391
11-Dec-19,44.145,44.109,44.944,43.484,6.13,0.08%,390
10-Dec-19,44.11,44.49,44.601,43.693,8.42,-0.86%,389
09-Dec-19,44.49,45.619,45.772,44.141,10.94,-2.46%,388
08-Dec-19,45.614,45.237,46.161,44.933,9.4,0.83%,387
07-Dec-19,45.237,45.345,46.267,45.06,10.12,-0.24%,386
06-Dec-19,45.346,44.799,45.513,44.181,10.76,1.22%,385
05-Dec-19,44.798,44.716,45.218,43.854,12.49,0.16%,384
04-Dec-19,44.725,45.158,46.771,44.177,13.79,-0.95%,383
03-Dec-19,45.156,45.613,46.201,44.665,11.24,-1.00%,382
02-Dec-19,45.611,47.517,47.707,44.923,11.72,-4.01%,381
01-Dec-19,47.517,47.523,48.455,45.733,10.57,-0.01%,380
30-Nov-19,47.523,48.614,48.808,47.025,10.48,-2.25%,379
29-Nov-19,48.615,46.868,49.254,46.826,11.63,3.75%,378
28-Nov-19,46.859,47.723,48.014,46.473,10.52,-1.81%,377
27-Nov-19,47.724,47.023,48.649,44.848,12.34,1.50%,376
26-Nov-19,47.017,45.605,47.465,45.404,10.77,3.07%,375
25-Nov-19,45.619,44.21,47.481,42.513,15.29,3.18%,374
24-Nov-19,44.212,48.182,48.31,43.951,11.83,-8.24%,373
23-Nov-19,48.18,47.422,48.516,46.293,10.76,1.60%,372
22-Nov-19,47.423,50.674,51.473,43.989,17.21,-6.42%,371
21-Nov-19,50.675,55.029,55.327,48.799,12.36,-7.91%,370
20-Nov-19,55.029,55.145,56.141,54.774,9.74,-0.21%,369
19-Nov-19,55.143,56.055,56.409,54.305,10.74,-1.63%,368
18-Nov-19,56.055,59.216,59.315,54.469,11.13,-5.34%,367
17-Nov-19,59.217,58.285,59.926,57.716,10.6,1.60%,366
16-Nov-19,58.285,57.758,58.956,57.358,9.73,0.91%,365
15-Nov-19,57.758,59.181,60.76,56.727,11.67,-2.41%,364
14-Nov-19,59.187,61.026,61.156,58.768,10.6,-3.01%,363
13-Nov-19,61.025,61.519,61.986,60.503,10.57,-0.81%,362
12-Nov-19,61.522,61.892,62.299,60.094,10.97,-0.60%,361
11-Nov-19,61.893,63.72,64.314,60.889,8.22,-2.86%,360
10-Nov-19,63.716,62.096,65.384,61.369,10.44,2.61%,359
09-Nov-19,62.093,60.45,62.363,60.262,6.86,2.71%,358
08-Nov-19,60.452,61.472,62.49,59.156,10.17,-1.65%,357
07-Nov-19,61.469,64.2,64.366,60.638,13.39,-4.25%,356
06-Nov-19,64.199,63.245,64.264,62.715,15.52,1.52%,355
05-Nov-19,63.238,61.442,64.084,61.226,17.68,2.92%,354
04-Nov-19,61.443,58.404,62.426,58.01,16.78,5.22%,353
03-Nov-19,58.398,58.281,58.811,57.272,14.48,0.20%,352
02-Nov-19,58.281,58.37,59.199,57.835,14.92,-0.15%,351
01-Nov-19,58.37,58.43,58.793,56.94,14.7,-0.10%,350
31-Oct-19,58.429,57.986,59.501,57.229,10.57,0.77%,349
30-Oct-19,57.983,59.797,60.916,57.142,11.38,-3.03%,348
29-Oct-19,59.796,57.818,60.629,57.777,13.65,3.41%,347
28-Oct-19,57.822,59.818,62.324,57.579,15.13,-3.34%,346
27-Oct-19,59.821,56.751,62.446,55.72,16.1,5.41%,345
26-Oct-19,56.752,56.949,59.383,54.383,21.51,-0.35%,344
25-Oct-19,56.95,49.615,58.463,49.123,15.99,14.78%,343
24-Oct-19,49.616,49.505,50.222,48.394,11.23,0.32%,342
23-Oct-19,49.456,53.407,53.464,47.605,14.98,-7.40%,341
22-Oct-19,53.407,54.747,55.185,53.16,8.45,-2.49%,340
21-Oct-19,54.77,54.876,55.603,53.836,8.83,-0.19%,339
20-Oct-19,54.876,53.739,55.439,52.674,9.07,2.12%,338
19-Oct-19,53.737,53.217,54.084,52.687,8.67,0.98%,337
18-Oct-19,53.217,54.948,54.995,52.364,9.88,-3.15%,336
17-Oct-19,54.947,52.457,55.099,51.641,9.56,4.74%,335
16-Oct-19,52.458,54.592,55.251,51.398,11.2,-3.91%,334
15-Oct-19,54.592,56.812,57.312,53.991,10.17,-3.91%,333
14-Oct-19,56.812,56.477,57.066,56.06,8.11,0.59%,332
13-Oct-19,56.479,55.737,57.558,55.564,8.12,1.33%,331
12-Oct-19,55.737,55.816,56.431,55.546,7.59,-0.14%,330
11-Oct-19,55.815,57.453,58.222,55.444,9.7,-2.85%,329
10-Oct-19,57.452,59.148,59.318,57.067,8.88,-2.87%,328
09-Oct-19,59.147,56.986,59.838,56.622,10.52,3.77%,327
08-Oct-19,56.998,57.482,58.406,56.583,9.25,-0.84%,326
07-Oct-19,57.483,54.588,58.628,53.576,12.34,5.31%,325
06-Oct-19,54.585,56.803,56.877,53.534,10.54,-3.90%,324
05-Oct-19,56.798,56.422,57.197,55.761,8.32,0.67%,323
04-Oct-19,56.422,56.442,57.401,55.477,10.08,-0.03%,322
03-Oct-19,56.439,56.29,56.952,54.238,9.49,0.25%,321
02-Oct-19,56.296,55.618,56.586,55.232,9.28,1.22%,320
01-Oct-19,55.619,55.976,57.356,54.982,10.97,-0.61%,319
30-Sep-19,55.961,53.911,56.108,52.827,11.58,3.81%,318
29-Sep-19,53.908,55.46,55.629,52.592,10.06,-2.80%,317
28-Sep-19,55.459,55.836,56.059,54.016,10.71,-0.67%,316
27-Sep-19,55.835,55.232,56.405,53.204,10.31,1.10%,315
26-Sep-19,55.227,57.419,57.463,51.163,14.37,-3.79%,314
25-Sep-19,57.402,55.236,58.046,53.928,18.23,3.94%,313
24-Sep-19,55.225,66.684,67.528,55.191,20.53,-17.15%,312
23-Sep-19,66.657,72.213,74.079,63.271,12.07,-7.70%,311
22-Sep-19,72.217,73.176,73.192,71.283,7.49,-1.31%,310
21-Sep-19,73.178,75.093,75.519,72.327,7.69,-2.56%,309
20-Sep-19,75.097,76.592,76.941,73.123,9.22,-1.98%,308
19-Sep-19,76.616,77.735,77.777,72.849,11.23,-1.42%,307
18-Sep-19,77.723,74.087,79.936,74.028,11.05,4.92%,306
17-Sep-19,74.076,72.582,77.207,72.195,9.52,2.06%,305
16-Sep-19,72.581,70.065,73.42,69.614,8.31,3.60%,304
15-Sep-19,70.06,70.491,71.165,69.671,6.29,-0.61%,303
14-Sep-19,70.491,68.967,71.06,68.333,7.01,2.21%,302
13-Sep-19,68.969,69.217,69.568,67.706,6.62,-0.36%,301
12-Sep-19,69.22,69.783,69.969,68.417,6.16,-0.81%,300
11-Sep-19,69.784,70.785,71.445,68.442,8.08,-1.41%,299
10-Sep-19,70.785,69.91,72.761,69.886,8.83,1.25%,298
09-Sep-19,69.911,70.427,71.177,68.191,8.23,-0.76%,297
08-Sep-19,70.447,68.788,71.333,68.431,8.8,2.41%,296
07-Sep-19,68.79,64.917,70.383,64.591,9.03,5.96%,295
06-Sep-19,64.919,65.23,67.934,64.192,9.3,-0.48%,294
05-Sep-19,65.23,67.047,67.358,64.25,7.88,-2.71%,293
04-Sep-19,67.049,69.034,69.23,66.636,8.4,-2.87%,292
03-Sep-19,69.027,66.946,70.826,66.526,8.84,3.11%,291
02-Sep-19,66.943,65.908,67.724,65.122,7.5,1.57%,290
01-Sep-19,65.911,64.282,67.072,63.946,6.53,2.55%,289
31-Aug-19,64.271,64.215,65.159,62.492,7.48,0.09%,288
30-Aug-19,64.214,63.581,65.336,62.311,7.35,1.00%,287
29-Aug-19,63.576,66.914,66.925,62.374,10.2,-4.97%,286
28-Aug-19,66.904,72.892,72.931,65.399,8.96,-8.22%,285
27-Aug-19,72.893,73.572,73.655,72.214,6.21,-0.92%,284
26-Aug-19,73.57,72.096,75.051,72.092,8.8,2.04%,283
25-Aug-19,72.101,73.29,74.787,63.442,6.41,-1.60%,282
24-Aug-19,73.274,75.381,75.536,71.86,6.85,-2.81%,281
23-Aug-19,75.39,73.449,75.676,58.552,6.72,2.64%,280
22-Aug-19,73.454,73.218,74.521,71.143,9,0.32%,279
21-Aug-19,73.218,75.103,75.311,70.323,9.8,-2.49%,278
20-Aug-19,75.089,77.103,77.267,73.45,8.17,-2.61%,277
19-Aug-19,77.103,76.297,78.762,75.597,8.3,1.06%,276
18-Aug-19,76.296,72.688,77.954,71.572,9.85,4.97%,275
17-Aug-19,72.686,74.656,75.277,71.699,8.62,-2.64%,274
16-Aug-19,74.658,76.311,76.397,72.484,12.06,-2.15%,273
15-Aug-19,76.299,76.016,77.549,71.799,15.32,0.42%,272
14-Aug-19,75.983,84.895,86.214,75.188,13.15,-10.49%,271
13-Aug-19,84.886,85.807,86.48,83.439,9.72,-1.04%,270
12-Aug-19,85.781,90.061,90.068,85.533,9.73,-4.80%,269
11-Aug-19,90.107,85.497,91.499,85.422,9.97,5.37%,268
10-Aug-19,85.512,84.321,87.436,82.623,11.08,1.40%,267
09-Aug-19,84.331,90.206,90.418,82.753,11.34,-6.52%,266
08-Aug-19,90.209,90.568,92.13,88.112,10.68,-0.37%,265
07-Aug-19,90.546,93.042,94.286,87.764,10.54,-2.69%,264
06-Aug-19,93.049,96.508,99.246,91.217,11.28,-3.58%,263
05-Aug-19,96.504,92.7,106.384,92.7,15.38,4.10%,262
04-Aug-19,92.701,94.19,94.74,90.548,8.48,-1.58%,261
03-Aug-19,94.192,94.78,96.552,93.652,8.28,-0.61%,260
02-Aug-19,94.768,98.683,98.752,92.707,9.42,-3.95%,259
01-Aug-19,98.667,98.781,100.312,95.862,8.77,-0.12%,258
31-Jul-19,98.781,90.167,99.877,89.894,9.46,9.55%,257
30-Jul-19,90.174,90.376,92.415,88.674,7.38,-0.22%,256
29-Jul-19,90.376,89.893,91.993,87.809,8.4,0.64%,255
28-Jul-19,89.8,88.789,90.794,84.125,8.4,1.12%,254
27-Jul-19,88.803,94.006,95.897,87.103,9.28,-5.53%,253
26-Jul-19,94.006,93.253,94.452,90.24,7.23,0.81%,252
25-Jul-19,93.246,94.398,96.39,91.664,8.99,-1.21%,251
24-Jul-19,94.391,90.225,97.26,87.294,11.88,4.62%,250
23-Jul-19,90.219,95.28,95.311,88.718,10.12,-5.31%,249
22-Jul-19,95.28,99.668,100.601,91.502,10.05,-4.39%,248
21-Jul-19,99.65,100.276,101.369,96.635,9.93,-0.63%,247
20-Jul-19,100.279,98.24,105.37,97.467,13.06,2.08%,246
19-Jul-19,98.238,101.082,101.117,95.099,13.87,-2.81%,245
18-Jul-19,101.075,89.977,103.935,87,18.76,12.32%,244
17-Jul-19,89.988,79.527,94.37,77.004,19.62,13.16%,243
16-Jul-19,79.523,90.424,91.84,76.708,16.92,-12.05%,242
15-Jul-19,90.422,89.682,94.37,84.877,15.07,0.84%,241
14-Jul-19,89.673,101.206,101.839,88.089,14.72,-11.40%,240
13-Jul-19,101.207,104.859,105.106,97.782,11.26,-3.48%,239
12-Jul-19,104.855,102.998,106.623,100.907,11.38,1.80%,238
11-Jul-19,102.999,108.292,108.292,95.453,15.6,-4.88%,237
10-Jul-19,108.284,119.214,120.166,102.607,13.78,-9.17%,236
09-Jul-19,119.213,123.085,123.904,117.894,8.37,-3.14%,235
08-Jul-19,123.082,119.561,124.828,118.022,8.56,2.90%,234
07-Jul-19,119.612,118.424,120.335,117.114,8.44,1.01%,233
06-Jul-19,118.421,118.419,121.557,117.225,8.78,0.01%,232
05-Jul-19,118.414,119.758,120.899,116.849,10.03,-1.13%,231
04-Jul-19,119.769,121.526,126.549,118.762,11.51,-1.47%,230
03-Jul-19,121.554,118.711,123.067,117.146,10.29,2.39%,229
02-Jul-19,118.722,123.092,123.835,112.872,12.65,-3.55%,228
01-Jul-19,123.096,123.034,126.885,114.213,14.04,0.08%,227
30-Jun-19,122.993,133.879,136.99,120.689,15.55,-8.13%,226
29-Jun-19,133.876,120.021,136.583,116.412,14.31,11.54%,225
28-Jun-19,120.03,115.755,121.877,114.535,12.78,3.69%,224
27-Jun-19,115.756,131.936,133.019,111.821,18.7,-12.26%,223
26-Jun-19,131.935,136.12,138.111,127.796,14.94,-3.07%,222
25-Jun-19,136.113,135.712,138.378,130.299,11.45,0.30%,221
24-Jun-19,135.707,137.649,137.655,133.213,9.58,-1.35%,220
23-Jun-19,137.563,142.26,143.11,136.518,10.23,-3.30%,219
22-Jun-19,142.255,138.503,145.5,137.412,15.06,2.69%,218
21-Jun-19,138.523,135.458,140.677,135.458,12.3,2.26%,217
20-Jun-19,135.456,136.532,136.734,133.492,9.54,-0.79%,216
19-Jun-19,136.534,135.334,139.422,133.251,11.05,0.89%,215
18-Jun-19,135.333,133.778,136.166,128.679,11.04,1.16%,214
17-Jun-19,133.775,136.638,136.776,132.091,9.08,-2.10%,213
16-Jun-19,136.639,137.616,138.005,133.567,10.48,-0.67%,212
15-Jun-19,137.567,132.192,139.147,132.08,10.3,4.06%,211
14-Jun-19,132.201,130.691,132.499,125.566,11.39,1.15%,210
13-Jun-19,130.693,135.47,136.326,128.359,11.99,-3.55%,209
12-Jun-19,135.501,135.891,142.604,131.124,15.27,-0.28%,208
11-Jun-19,135.877,129.292,138.211,125.375,14.33,5.09%,207
10-Jun-19,129.3,114.702,129.791,112.668,15.62,12.72%,206
09-Jun-19,114.705,118.015,118.686,111.855,13.36,-2.82%,205
08-Jun-19,118.036,116.982,119.152,113.827,13.43,0.90%,204
07-Jun-19,116.985,110.77,120.569,109.349,15.56,5.62%,203
06-Jun-19,110.759,103.67,111.394,101.46,12.58,6.84%,202
05-Jun-19,103.667,102.128,105.045,100.369,11.67,1.51%,201
04-Jun-19,102.122,106.441,106.536,98.578,15.51,-4.09%,200
03-Jun-19,106.483,114.451,115.933,105.438,11.71,-6.95%,199
02-Jun-19,114.434,112.364,116.063,111.417,9.12,1.80%,198
01-Jun-19,112.409,114.478,116.079,111.13,10.86,-1.81%,197
31-May-19,114.479,108.446,114.692,105.31,12.52,5.56%,196
30-May-19,108.447,114.828,119.89,103.631,16.2,-5.55%,195
29-May-19,114.817,114.797,118.04,109.21,20.06,-0.01%,194
28-May-19,114.824,116.644,118.094,112.093,11.58,-1.58%,193
27-May-19,116.664,110.647,121.587,110.2,18.51,5.43%,192
26-May-19,110.655,102.712,111.949,99.242,19.5,7.73%,191
25-May-19,102.714,100.251,104.597,98.768,17.28,2.46%,190
24-May-19,100.243,88.591,102.423,88.352,21.36,13.16%,189
23-May-19,88.587,87.906,89.416,85.228,11.77,0.78%,188
22-May-19,87.901,90.868,91.93,87.16,12.17,-3.27%,187
21-May-19,90.871,91.104,92.194,89.027,11.91,-0.26%,186
20-May-19,91.103,94.639,94.643,88.577,15.09,-3.74%,185
19-May-19,94.642,86.635,96.058,86.386,19.29,9.26%,184
18-May-19,86.624,89.511,90.281,85.169,15.38,-3.22%,183
17-May-19,89.51,95.417,97.341,84.518,24.56,-6.19%,182
16-May-19,95.415,101.599,106.543,92.077,28.46,-6.09%,181
15-May-19,101.601,91.567,103.834,90.7,25.39,10.97%,180
14-May-19,91.56,87.682,93.772,86.986,18.74,4.41%,179
13-May-19,87.695,84.795,92.522,84.424,15.89,3.42%,178
12-May-19,84.794,88.047,93.804,83.8,21.95,-3.89%,177
11-May-19,88.224,77.052,95.247,77.052,23.1,14.53%,176
10-May-19,77.035,74.192,79.138,72.801,12.15,3.87%,175
09-May-19,74.166,74.425,76.562,72.874,9.24,-0.36%,174
08-May-19,74.432,74.725,75.493,72.848,9.16,-0.39%,173
07-May-19,74.726,74.919,78.384,74.197,12.76,-0.25%,172
06-May-19,74.914,75.668,76.423,71.824,12.98,-0.98%,171
05-May-19,75.652,77.806,78.016,75.535,11.35,-2.77%,170
04-May-19,77.806,79.158,82.339,74.997,14.82,-1.71%,169
03-May-19,79.16,73.713,80.028,73.334,14.73,7.38%,168
02-May-19,73.718,73.384,74.359,72.763,10.34,0.43%,167
01-May-19,73.4,74.228,75.207,71.987,10.53,-1.12%,166
30-Apr-19,74.235,67.737,74.599,67.693,13.22,9.60%,165
29-Apr-19,67.73,69.869,70.334,66.768,9.37,-3.04%,164
28-Apr-19,69.857,72.218,72.602,69.107,9.55,-3.27%,163
27-Apr-19,72.221,73.767,73.888,72.023,7.97,-2.10%,162
26-Apr-19,73.771,71.776,76.03,70.46,12.28,2.87%,161
25-Apr-19,71.713,72.884,74.214,70.879,11.07,-1.61%,160
24-Apr-19,72.884,73.81,74.729,70.423,14.47,-1.28%,159
23-Apr-19,73.828,76.508,78.936,73.808,11.16,-3.50%,158
22-Apr-19,76.504,76.696,77.474,75.103,10.11,-0.24%,157
21-Apr-19,76.691,80.991,81.45,73.992,11.99,-5.31%,156
20-Apr-19,80.99,82.173,82.528,79.665,8.48,-1.44%,155
19-Apr-19,82.173,81.796,82.983,80.022,9.87,0.47%,154
18-Apr-19,81.791,78.963,82.917,78.898,9.93,3.59%,153
17-Apr-19,78.96,80.406,81.347,78.298,8.35,-1.81%,152
16-Apr-19,80.415,78.182,81.251,77.323,8.03,2.84%,151
15-Apr-19,78.196,83.281,84.299,75.494,11.12,-6.10%,150
14-Apr-19,83.277,77.67,83.291,76.259,8,7.21%,149
13-Apr-19,77.675,78.519,81.012,75.761,7.93,-1.08%,148
12-Apr-19,78.519,79.006,80.265,75.216,8.94,-0.62%,147
11-Apr-19,79.007,88.159,88.393,74.998,12.71,-10.38%,146
10-Apr-19,88.16,86.219,90.553,86.138,7.49,2.24%,145
09-Apr-19,86.231,88.723,88.797,83.291,7.69,-2.81%,144
08-Apr-19,88.728,91.605,93.63,85.641,9.59,-3.14%,143
07-Apr-19,91.607,92.291,95.428,89.117,9.03,-0.75%,142
06-Apr-19,88.31,88.267,97.259,85.401,10.84,4.59%,141
05-Apr-19,88.254,84.81,89.538,84.388,9.15,4.04%,140
04-Apr-19,84.83,85.219,89.607,80.774,14.05,-0.46%,139
03-Apr-19,85.223,76.863,97.788,76.553,32.3,10.87%,138
02-Apr-19,76.867,60.613,78.252,60.353,23.25,26.82%,137
01-Apr-19,60.612,60.782,61.054,60.339,9.12,-0.28%,136
31-Mar-19,60.785,60.788,60.998,60.267,7.38,0.00%,135
30-Mar-19,60.787,61.591,61.717,60.306,8.38,-1.30%,134
29-Mar-19,61.59,60.756,61.775,60.406,9.28,1.37%,133
28-Mar-19,60.756,61.657,61.684,60.433,7.85,-1.47%,132
27-Mar-19,61.662,59.034,61.92,58.866,11.82,4.46%,131
26-Mar-19,59.031,59.277,59.444,57.79,8.99,-0.41%,130
25-Mar-19,59.272,59.986,63.161,58.484,12.22,-1.19%,129
24-Mar-19,59.985,61.044,61.044,59.256,10.93,-1.74%,128
23-Mar-19,61.044,59.44,61.677,59.141,12.32,2.69%,127
22-Mar-19,59.444,58.79,59.7,58.305,9.78,1.11%,126
21-Mar-19,58.79,60.442,60.722,57.633,11.11,-2.72%,125
20-Mar-19,60.437,59.647,60.707,57.461,12.29,1.33%,124
19-Mar-19,59.643,59.338,60.034,58.559,11.03,0.51%,123
18-Mar-19,59.338,60.668,62.571,58.486,13.66,-2.19%,122
17-Mar-19,60.668,61.322,61.438,59.904,10.14,-1.07%,121
16-Mar-19,61.321,58.614,61.978,58.548,13.9,4.63%,120
15-Mar-19,58.61,56.055,59.131,56.055,11.36,4.56%,119
14-Mar-19,56.054,55.448,57.836,53.831,11.01,1.09%,118
13-Mar-19,55.45,56.705,56.9,54.607,10.4,-2.22%,117
12-Mar-19,56.707,54.965,57.04,52.689,14.16,3.17%,116
11-Mar-19,54.964,56.8,57.436,54.303,14.12,-3.24%,115
10-Mar-19,56.805,57.989,58.1,56.13,11.85,-2.05%,114
09-Mar-19,57.992,55.779,59.515,55.594,15.23,3.96%,113
08-Mar-19,55.781,56.839,57.569,54.625,15.33,-1.86%,112
07-Mar-19,56.836,55.501,58.949,54.197,22.81,2.41%,111
06-Mar-19,55.5,52.688,56.514,51.544,19.01,5.34%,110
05-Mar-19,52.689,45.952,54.102,45.576,19.78,14.66%,109
04-Mar-19,45.952,47.979,48.253,44.984,10.98,-4.23%,108
03-Mar-19,47.979,48.619,49.115,47.463,9.06,-1.30%,107
02-Mar-19,48.609,47.188,49.434,46.771,10.75,3.01%,106
01-Mar-19,47.189,45.822,48.979,45.755,11.04,2.99%,105
28-Feb-19,45.82,45.158,46.54,44.972,9.62,1.47%,104
27-Feb-19,45.158,45.002,45.668,43.066,8.96,0.32%,103
26-Feb-19,45.013,45.652,46.112,44.47,7.61,-1.40%,102
25-Feb-19,45.651,43.847,46.927,43.806,9.17,4.15%,101
24-Feb-19,43.834,51.424,53.406,42.723,14.25,-14.76%,100
23-Feb-19,51.424,49.399,51.795,48.237,9.05,4.10%,99
22-Feb-19,49.399,49.043,49.878,48.403,8.48,0.73%,98
21-Feb-19,49.04,51.653,51.746,48.125,9.5,-5.10%,97
20-Feb-19,51.674,47.435,52.188,46.669,11.83,8.94%,96
19-Feb-19,47.433,47.939,48.999,46.833,10.29,-1.05%,95
18-Feb-19,47.939,43.962,48.822,43.798,12.39,9.03%,94
17-Feb-19,43.969,43.422,44.982,42.855,8.32,1.26%,93
16-Feb-19,43.422,42.635,44.313,42.403,8.03,1.85%,92
15-Feb-19,42.635,41.399,44.326,41.353,8.87,2.99%,91
14-Feb-19,41.398,41.741,42.47,40.721,7.63,-0.87%,90
13-Feb-19,41.763,43.946,44.642,41.002,8.59,-4.96%,89
12-Feb-19,43.94,43.04,44.504,42.239,7.87,2.11%,88
11-Feb-19,43.034,46.864,46.904,42.174,9.35,-8.16%,87
10-Feb-19,46.858,44.707,47.293,42.398,10.12,4.81%,86
09-Feb-19,44.709,43.144,46.151,42.248,10.31,3.63%,85
08-Feb-19,43.144,33.328,44.657,32.976,15.28,29.45%,84
07-Feb-19,33.327,32.894,33.719,32.868,5.02,1.31%,83
06-Feb-19,32.896,34.394,34.525,32.441,6.68,-4.35%,82
05-Feb-19,34.392,34.174,34.598,33.765,5.41,0.64%,81
04-Feb-19,34.174,33.514,34.544,33.447,5.33,1.97%,80
03-Feb-19,33.514,34.629,34.907,32.978,7.22,-3.21%,79
02-Feb-19,34.625,32.753,34.954,32.488,7.65,5.71%,78
01-Feb-19,32.754,31.429,33.615,30.872,8.94,4.22%,77
31-Jan-19,31.428,31.711,32.312,31.213,6.56,-0.88%,76
30-Jan-19,31.708,30.93,32.023,30.621,6.71,2.51%,75
29-Jan-19,30.93,31.007,31.339,30.13,6.52,-0.24%,74
28-Jan-19,31.006,32.328,32.552,30.132,7.96,-4.05%,73
27-Jan-19,32.315,32.899,33.196,31.633,7.01,-1.78%,72
26-Jan-19,32.9,32.774,33.864,32.645,6.41,0.38%,71
25-Jan-19,32.775,32.542,32.977,32.001,6.28,0.72%,70
24-Jan-19,32.54,31.757,32.904,31.112,5.64,2.47%,69
23-Jan-19,31.757,31.496,32.202,31.349,6.03,0.83%,68
22-Jan-19,31.494,30.843,31.97,29.66,6.98,2.11%,67
21-Jan-19,30.843,30.638,31.178,30.483,5.95,0.75%,66
20-Jan-19,30.613,32.081,33.04,30.299,7.2,-4.59%,65
19-Jan-19,32.086,30.87,32.91,30.87,6.04,3.93%,64
18-Jan-19,30.872,31.444,31.535,30.546,5.68,-1.84%,63
17-Jan-19,31.451,31.308,31.523,30.162,6.73,0.46%,62
16-Jan-19,31.307,30.886,31.836,30.59,5.73,1.35%,61
15-Jan-19,30.89,31.843,32.248,30.278,5.29,-2.99%,60
14-Jan-19,31.843,29.707,32.495,29.702,6.05,7.19%,59
13-Jan-19,29.706,31.771,32.745,29.378,6.57,-6.51%,58
12-Jan-19,31.774,31.642,32.352,31.263,4.52,0.43%,57
11-Jan-19,31.637,33.017,33.454,31.079,6.13,-4.17%,56
10-Jan-19,33.014,38.359,38.961,31.852,8.67,-13.92%,55
09-Jan-19,38.354,38.928,39.843,38.226,5.07,-1.47%,54
08-Jan-19,38.926,37.471,40.8,37.471,6.59,3.91%,53
07-Jan-19,37.462,38.575,39.216,37.117,5.66,-2.88%,52
06-Jan-19,38.575,34.438,39.705,34.145,6.62,12.01%,51
05-Jan-19,34.439,31.905,35.979,31.905,4.9,7.94%,50
04-Jan-19,31.905,31.454,32.666,30.837,3,1.44%,49
03-Jan-19,31.453,32.775,32.927,30.842,2.57,-4.04%,48
02-Jan-19,32.776,31.542,33.313,31.389,3.55,3.85%,47
01-Jan-19,31.56,29.899,31.792,29.781,3.2,5.58%,46
31-Dec-18,29.893,31.444,31.572,29.483,3.38,-4.93%,45
30-Dec-18,31.444,30.37,31.786,30.028,3.31,3.73%,44
29-Dec-18,30.314,31.993,32.864,30.292,2.68,-5.26%,43
28-Dec-18,31.997,27.675,33.192,27.674,3.3,15.64%,42
27-Dec-18,27.671,30.444,31.054,27.407,2.71,-9.09%,41
26-Dec-18,30.438,30.624,31.853,28.941,3.09,-0.61%,40
25-Dec-18,30.625,32.848,32.976,29.609,3.44,-6.89%,39
24-Dec-18,32.893,33.126,36.322,32.434,4.38,-0.70%,38
23-Dec-18,33.124,31.534,33.839,31.493,3.17,5.04%,37
22-Dec-18,31.534,30.379,31.55,29.922,2.23,3.80%,36
21-Dec-18,30.379,32.381,33.054,29.719,4.23,-6.19%,35
20-Dec-18,32.384,29.02,32.936,28.854,5.7,11.58%,34
19-Dec-18,29.023,30.068,31.598,28.764,4.84,-3.47%,33
18-Dec-18,30.067,29.014,30.164,27.923,4.57,3.62%,32
17-Dec-18,29.015,25.539,30.381,25.538,7.14,13.61%,31
16-Dec-18,25.539,23.649,26.948,23.635,6.21,7.98%,30
15-Dec-18,23.651,23.456,24.235,23.193,3.86,0.82%,29
14-Dec-18,23.46,23.124,23.882,22.61,3.94,1.45%,28
13-Dec-18,23.124,24.254,24.512,23.014,3.38,-4.63%,27
12-Dec-18,24.246,23.544,25.102,23.541,3.27,2.75%,26
11-Dec-18,23.598,24.228,24.721,23.066,3.71,-2.62%,25
10-Dec-18,24.234,25.476,25.943,23.836,4.34,-4.85%,24
09-Dec-18,25.47,24.388,26.807,24.388,5.04,4.44%,23
08-Dec-18,24.387,24.999,26.667,22.996,5.9,-2.44%,22
07-Dec-18,24.998,26.728,26.89,22.362,6.64,-6.50%,21
06-Dec-18,26.735,29.263,30.473,26.367,4.3,-8.63%,20
05-Dec-18,29.261,31.169,31.539,29.228,3.04,-6.00%,19
04-Dec-18,31.129,31.016,32.256,30.093,2.82,0.41%,18
03-Dec-18,31.002,33.774,60.67,30.152,3.92,-8.20%,17
02-Dec-18,33.772,34.205,35.181,33.185,3.52,-1.29%,16
01-Dec-18,34.212,32.182,35.099,31.412,3.33,6.16%,15
30-Nov-18,32.228,33.869,34.494,31.335,3.16,-4.84%,14
29-Nov-18,33.867,34.714,35.73,33.238,3.82,-2.42%,13
28-Nov-18,34.708,31.57,36.305,30.981,4.23,9.98%,12
27-Nov-18,31.558,30.078,32.006,28.795,3.89,4.92%,11
26-Nov-18,30.078,31.422,32.674,28.729,5.29,-4.35%,10
25-Nov-18,31.447,29.675,32.645,27.669,6.72,5.97%,9
24-Nov-18,29.675,32.71,33.978,29.113,4.48,-9.28%,8
23-Nov-18,32.71,32.166,33.744,31.175,5.62,1.70%,7
22-Nov-18,32.164,35.055,35.535,32.107,5.26,-8.24%,6
21-Nov-18,35.052,33.736,35.173,32.213,5.04,3.92%,5
20-Nov-18,33.731,36.979,38.736,31.45,6.7,-8.78%,4
19-Nov-18,36.978,43.15,43.236,35.908,4.96,-14.30%,3
18-Nov-18,43.15,42.387,44.127,41.174,1.74,1.81%,2
17-Nov-18,42.383,42.798,42.84,41.423,1.37,-0.96%,1
