DATE,PRICE,OPEN,HIGH,LOW,CHANGE %,DAY,VOLUME(K)
27-Oct-20,175.02,173.83,176.53,173.43,0.68%,711,449.25
26-Oct-20,173.83,181.05,184.03,171.53,-3.99%,710,631.37
25-Oct-20,181.05,176.3,183.72,171.06,2.69%,709,654.65
24-Oct-20,176.3,166.67,176.3,166.67,5.78%,708,473.18
23-Oct-20,166.67,169.49,169.64,163.48,-1.66%,707,425.24
22-Oct-20,169.49,164.87,171.7,164.87,2.80%,706,432.66
21-Oct-20,164.87,157.8,167.36,157.8,4.48%,705,565.83
20-Oct-20,157.8,159.89,160.24,156.54,-1.31%,704,443.69
19-Oct-20,159.89,160.39,160.47,158.91,-0.31%,703,423.89
18-Oct-20,160.39,159.21,160.58,158.98,0.74%,702,434.66
17-Oct-20,159.21,160.17,160.17,158.2,-0.60%,701,466.46
16-Oct-20,160.17,169.47,169.94,157.78,-5.49%,700,691.54
15-Oct-20,169.47,168.7,170.48,167.2,0.46%,699,578.25
14-Oct-20,168.7,170.85,171.46,166.44,-1.26%,698,579.13
13-Oct-20,170.85,169.94,171.02,168.69,0.54%,697,585.82
12-Oct-20,169.94,171.9,172.08,167.62,-1.14%,696,664.75
11-Oct-20,171.9,170.98,173.83,170.98,0.54%,695,563.81
10-Oct-20,170.98,168.38,173.37,168.38,1.54%,694,563.57
09-Oct-20,168.38,165.64,169.14,163.36,1.65%,693,608.4
08-Oct-20,165.64,163.66,166.47,161.09,1.21%,692,691.46
07-Oct-20,163.66,158.93,167.38,157.22,2.98%,691,657.92
06-Oct-20,158.93,162.36,164.12,157.23,-2.11%,690,633.87
05-Oct-20,162.36,161.19,163.77,160,0.73%,689,520.36
04-Oct-20,161.19,159.15,161.52,158.69,1.28%,688,556.04
03-Oct-20,159.15,160.83,162.06,159.14,-1.04%,687,578.76
02-Oct-20,160.83,169.98,169.98,159.38,-5.38%,686,724.86
01-Oct-20,169.98,171.98,178.38,167.89,-1.16%,685,710.71
30-Sep-20,171.98,171.97,179.87,171.09,0.01%,684,758.77
29-Sep-20,171.97,168.02,171.97,167.98,2.35%,683,585.74
28-Sep-20,168.02,170.89,175.86,168.02,-1.68%,682,728.58
27-Sep-20,170.89,164.39,171.82,162,3.95%,681,645.42
26-Sep-20,164.39,155.73,166.61,155.66,5.56%,680,555.6
25-Sep-20,155.73,157.21,157.34,152.71,-0.94%,679,494.03
24-Sep-20,157.21,150.77,157.43,149.76,4.27%,678,505.5
23-Sep-20,150.77,155.75,155.75,150.77,-3.20%,677,512.2
22-Sep-20,155.75,147.44,158.36,144.34,5.64%,676,635.61
21-Sep-20,147.44,154.8,155.41,144.67,-4.75%,675,741.23
20-Sep-20,154.8,162.17,162.17,152.5,-4.54%,674,664.08
19-Sep-20,162.17,162.47,162.72,161.72,-0.18%,673,564.92
18-Sep-20,162.47,164.65,164.73,161.44,-1.32%,672,599.73
17-Sep-20,164.65,163.39,166.02,163.39,0.77%,671,484.29
16-Sep-20,163.39,164.7,165.91,161.97,-0.80%,670,514.89
15-Sep-20,164.7,164.4,168.43,162.5,0.18%,669,560.04
14-Sep-20,164.4,162.71,165.34,161.06,1.04%,668,496.96
13-Sep-20,162.71,169.23,170.15,161.5,-3.85%,667,482.06
12-Sep-20,169.23,167.5,169.36,164.1,1.03%,666,611.86
11-Sep-20,167.5,166.23,167.85,163.71,0.76%,665,688.05
10-Sep-20,166.23,170.37,171.78,164.84,-2.43%,664,808.34
09-Sep-20,170.37,170.95,173.09,167.84,-0.34%,663,850.95
08-Sep-20,170.95,174.03,175.3,169.8,-1.77%,662,1.33
07-Sep-20,174.03,163.4,176.08,161.77,6.51%,661,1.51
06-Sep-20,163.4,162.24,165.32,159.94,0.71%,660,1.13
05-Sep-20,162.24,160,167.74,153.21,1.40%,659,1.67
04-Sep-20,160,151.98,161.64,151.98,5.28%,658,1.58
03-Sep-20,151.98,183.56,184.41,150.95,-17.20%,657,1.61
02-Sep-20,183.56,203.25,203.25,181,-10.11%,656,1.38
01-Sep-20,204.21,192.68,204.3,190.85,5.98%,655,1.24
31-Aug-20,192.68,196.76,200,191.89,-2.13%,654,904.42
30-Aug-20,196.87,190.28,196.87,190.07,3.46%,653,802.32
29-Aug-20,190.28,191.93,191.93,189.66,-0.86%,652,746.47
28-Aug-20,191.93,186,192.83,183.83,3.19%,651,804.21
27-Aug-20,186,192.09,192.09,184.62,-3.17%,650,862.65
26-Aug-20,192.09,192.57,192.8,189.59,-0.25%,649,841.31
25-Aug-20,192.57,204.63,204.63,185.37,-5.89%,648,1.13
24-Aug-20,204.63,194.38,205.18,193.32,5.27%,647,962.99
23-Aug-20,194.38,197.02,197.02,190.6,-1.34%,646,822.06
22-Aug-20,197.02,195.35,197.08,191.8,0.85%,645,1.01
21-Aug-20,195.35,209.37,209.82,195.35,-6.70%,644,1.04
20-Aug-20,209.37,206.73,209.81,204.3,1.28%,643,891.89
19-Aug-20,206.73,216.86,218,203.11,-4.67%,642,1.25
18-Aug-20,216.86,226,230.51,216.86,-4.04%,641,1.35
17-Aug-20,226,224,229.92,218.37,0.89%,640,1.16
16-Aug-20,224,224.61,226.4,216.86,-0.27%,639,1.1
15-Aug-20,224.61,211.11,227.57,211.11,6.39%,638,912.48
14-Aug-20,211.11,213.86,214.25,210.69,-1.29%,637,904.57
13-Aug-20,213.86,205.84,213.86,200.2,3.90%,636,1.37
12-Aug-20,205.84,209.69,211.4,200.8,-1.84%,635,1.36
11-Aug-20,209.69,224.02,225.56,204.8,-6.40%,634,1.4
10-Aug-20,224.02,223.4,227.39,221.5,0.28%,633,1.15
09-Aug-20,223.4,230.41,230.41,219.55,-3.04%,632,834.51
08-Aug-20,230.41,225.18,232.12,225.18,2.32%,631,892.38
07-Aug-20,225.18,235.4,241.67,221.87,-4.34%,630,1.33
06-Aug-20,235.4,232.32,238.8,228.74,1.33%,629,1.25
05-Aug-20,232.32,224.6,233.21,224.01,3.44%,628,1.23
04-Aug-20,224.6,229.32,233.01,220.26,-2.06%,627,1.48
03-Aug-20,229.32,216.92,235.79,216.92,5.72%,626,1.56
02-Aug-20,216.92,247.26,252.63,216.11,-12.34%,625,2.34
01-Aug-20,247.45,231.65,247.45,231.65,6.82%,624,1.48
31-Jul-20,231.65,215.52,231.65,212.41,7.48%,623,1.31
30-Jul-20,215.52,212.79,217.8,210.21,1.28%,622,1.08
29-Jul-20,212.79,215.57,218.72,212.79,-1.29%,621,1.1
28-Jul-20,215.57,207.5,220.04,205.02,3.89%,620,1.69
27-Jul-20,207.5,190,208.88,190,9.21%,619,1.44
26-Jul-20,190,194.98,196.66,188.66,-2.55%,618,1.06
25-Jul-20,194.98,180.07,194.98,180.07,8.28%,617,914.72
24-Jul-20,180.07,185,185,178.81,-2.66%,616,815.85
23-Jul-20,185,184.73,187.3,181.56,0.15%,615,878.04
22-Jul-20,184.73,179.78,184.73,176.77,2.75%,614,726.65
21-Jul-20,179.78,170,179.91,169.21,5.75%,613,775.74
20-Jul-20,170,172.5,172.52,167.48,-1.45%,612,673.98
19-Jul-20,172.5,174.2,174.2,168.73,-0.98%,611,827.8
18-Jul-20,174.2,173.03,174.84,172.3,0.68%,610,707.96
17-Jul-20,173.03,174.45,174.45,171.51,-0.81%,609,733.52
16-Jul-20,174.45,180.48,180.48,171.94,-3.34%,608,762.33
15-Jul-20,180.48,181.53,184.61,178.84,-0.58%,607,786.73
14-Jul-20,181.53,181.91,181.91,177.59,-0.21%,606,820.02
13-Jul-20,181.91,185.44,185.75,180.12,-1.90%,605,884.49
12-Jul-20,185.44,181.71,188.28,181.71,2.05%,604,885.85
11-Jul-20,181.71,182.41,182.41,179.63,-0.38%,603,733.9
10-Jul-20,182.41,186.91,186.91,178.51,-2.41%,602,1.07
09-Jul-20,186.91,189.54,189.54,182.28,-1.39%,601,1.18
08-Jul-20,189.54,186.1,191.39,185.48,1.85%,600,1.22
07-Jul-20,186.1,194.08,194.08,183.02,-4.11%,599,1.63
06-Jul-20,194.08,153.88,194.8,153.88,26.12%,598,2.34
05-Jul-20,153.88,155.92,157.12,153.35,-1.31%,597,816.22
04-Jul-20,155.92,155.4,157.41,152.61,0.33%,596,789.5
03-Jul-20,155.4,155.13,158.57,153.74,0.17%,595,733.54
02-Jul-20,155.13,158.66,158.78,151.51,-2.22%,594,788.2
01-Jul-20,158.66,158.56,160.09,150.07,0.06%,593,853.88
30-Jun-20,158.56,159.6,160.24,156.3,-0.65%,592,839.26
29-Jun-20,159.6,160.82,162,156,-0.76%,591,920.46
28-Jun-20,160.82,155.05,162.53,151.43,3.72%,590,1.15
27-Jun-20,155.05,168.38,169.24,135.9,-7.92%,589,1.18
26-Jun-20,168.38,173.19,173.19,166.14,-2.78%,588,832.33
25-Jun-20,173.19,172.67,173.84,168,0.30%,587,793.65
24-Jun-20,172.67,177.69,181.59,170.54,-2.83%,586,932.78
23-Jun-20,177.69,177.71,181.8,176.35,-0.01%,585,855.68
22-Jun-20,177.71,170.75,180.33,170.75,4.08%,584,862.55
21-Jun-20,170.75,173.41,173.61,170.59,-1.53%,583,738.39
20-Jun-20,173.41,170.74,176.23,170.23,1.56%,582,919.55
19-Jun-20,170.74,173.25,173.25,168.51,-1.45%,581,921.47
18-Jun-20,173.25,175.56,175.56,169.95,-1.32%,580,842.76
17-Jun-20,175.56,177.83,178.18,172.42,-1.28%,579,941.39
16-Jun-20,177.83,174.26,177.93,173,2.05%,578,1.01
15-Jun-20,174.26,179.74,179.74,165.38,-3.05%,577,1.34
14-Jun-20,179.74,182.17,182.79,177.7,-1.33%,576,642.37
13-Jun-20,182.17,182.32,182.91,180.52,-0.08%,575,608.61
12-Jun-20,182.32,180.08,184,179.07,1.24%,574,932.57
11-Jun-20,180.08,193.89,194.49,176.49,-7.12%,573,1.28
10-Jun-20,193.89,190.01,197.72,189.47,2.04%,572,1.18
09-Jun-20,190.01,191.86,192.97,188,-0.96%,571,759.95
08-Jun-20,191.86,192.83,192.83,188.53,-0.50%,570,818.95
07-Jun-20,192.83,194.63,194.99,186.5,-0.92%,569,1.04
06-Jun-20,194.63,194.9,195.62,192.79,-0.14%,568,847.74
05-Jun-20,194.9,195.58,197.5,193.29,-0.35%,567,1.09
04-Jun-20,195.58,194.55,199.25,192.22,0.53%,566,1.19
03-Jun-20,194.55,195.8,196.02,191.36,-0.64%,565,1.12
02-Jun-20,195.8,200.79,208.28,190.03,-2.49%,564,1.83
01-Jun-20,200.79,192.8,203.48,191.04,4.14%,563,1.47
31-May-20,192.8,203.09,204,190.65,-5.07%,562,1.54
30-May-20,203.09,190.63,204.99,187.54,6.54%,561,1.67
29-May-20,190.63,193.01,194.86,188.26,-1.23%,560,1.25
28-May-20,193.01,188.69,193.89,184.52,2.29%,559,1.25
27-May-20,188.69,180.38,188.88,180.01,4.61%,558,913.77
26-May-20,180.38,186.24,186.24,176.58,-3.15%,557,820.99
25-May-20,186.24,185.56,188.29,181.65,0.37%,556,1.12
24-May-20,185.56,193.05,194.98,185.24,-3.88%,555,1.56
23-May-20,193.05,194.64,197.36,191.3,-0.82%,554,1.04
22-May-20,194.64,192.33,196.68,190.3,1.20%,553,1.33
21-May-20,192.33,196.78,204.09,186.68,-2.26%,552,2.17
20-May-20,196.78,200.95,203.51,191.99,-2.08%,551,1.44
19-May-20,200.95,204.47,204.47,195.68,-1.72%,550,1.52
18-May-20,204.47,191.4,208.95,191.01,6.83%,549,2.04
17-May-20,191.4,188.85,194.01,187.79,1.35%,548,1.41
16-May-20,188.85,186.2,190.62,185.41,1.42%,547,1.5
15-May-20,186.2,193.82,193.82,184.42,-3.93%,546,1.63
14-May-20,193.82,190.97,195.53,188.05,1.49%,545,1.87
13-May-20,190.97,187.25,193.86,184.71,1.99%,544,1.62
12-May-20,187.25,188.27,194.51,183.48,-0.54%,543,1.79
11-May-20,188.27,183.69,189.41,172.17,2.49%,542,2.66
10-May-20,183.69,210.11,210.11,174.35,-12.57%,541,2.81
09-May-20,210.11,208.85,218.71,208.21,0.60%,540,2.25
08-May-20,208.85,207.78,214.37,205.9,0.51%,539,2.03
07-May-20,207.78,201,210.2,197.2,3.37%,538,1.99
06-May-20,201,207.5,210.59,199.59,-3.13%,537,1.8
05-May-20,207.5,203.78,213.19,201.84,1.83%,536,1.88
04-May-20,203.78,208.44,209.56,191.01,-2.24%,535,1.98
03-May-20,208.44,212.65,219,203.05,-1.98%,534,1.86
02-May-20,212.65,211.69,213.82,208.83,0.45%,533,1.47
01-May-20,211.69,208.15,216.18,207.35,1.70%,532,1.88
30-Apr-20,208.15,206.8,228.54,201.38,0.80%,531,3.48
29-Apr-20,206.5,195.48,211,195.27,5.56%,530,2.53
28-Apr-20,195.63,195.78,197.57,191.8,-0.08%,529,1.58
27-Apr-20,195.78,197.2,198,190.18,-0.72%,528,1.61
26-Apr-20,197.2,194.35,199.54,193.2,1.47%,527,1.5
25-Apr-20,194.35,193.5,200,190.56,0.44%,526,1.59
24-Apr-20,193.5,193.96,197.2,192.27,-0.24%,525,1.66
23-Apr-20,193.96,192.68,203.17,187.34,0.66%,524,2.04
22-Apr-20,192.68,182.44,196.32,180.9,5.61%,523,1.82
21-Apr-20,182.44,184.5,186.88,178.26,-1.12%,522,1.91
20-Apr-20,184.5,194.41,199.2,181.51,-5.10%,521,2.22
19-Apr-20,194.41,204,206.98,193.2,-4.70%,520,2.07
18-Apr-20,204,193.6,209.57,192.67,5.37%,519,1.97
17-Apr-20,193.6,194.88,197.55,192.34,-0.66%,518,1.71
16-Apr-20,194.88,181.67,201,172,7.27%,517,2.53
15-Apr-20,181.67,189.9,191.88,181.52,-4.33%,516,1.75
14-Apr-20,189.9,188.32,194.36,185.97,0.84%,515,1.96
13-Apr-20,188.32,191.97,191.97,180.7,-1.86%,514,2.29
12-Apr-20,191.88,187.24,204.16,183.04,2.69%,513,2.18
11-Apr-20,186.86,186.42,190.7,180.52,0.24%,512,1.87
10-Apr-20,186.42,215,215,176.9,-13.29%,511,3.48
09-Apr-20,215,217.89,227,208.74,-1.33%,510,2.76
08-Apr-20,217.89,185.25,221.75,184.65,17.62%,509,4.27
07-Apr-20,185.25,192.78,195.95,183.07,-3.91%,508,2.44
06-Apr-20,192.78,174.89,194,174.45,10.23%,507,2.91
05-Apr-20,174.89,179.46,180.07,170.23,-2.55%,506,1.85
04-Apr-20,179.46,178.97,181.22,174.56,0.24%,505,2.06
03-Apr-20,179.03,176.14,184.54,172.47,1.64%,504,2.87
02-Apr-20,176.14,168.28,188.99,166.47,4.67%,503,3.3
01-Apr-20,168.28,165.55,169.68,158.96,1.62%,502,2.6
31-Mar-20,165.59,165.68,170.13,163.44,-0.05%,501,2.5
30-Mar-20,165.68,147.09,173.66,146.2,12.64%,500,3.18
29-Mar-20,147.09,157.75,159.3,147.05,-6.76%,499,2.36
28-Mar-20,157.75,163.3,163.3,149,-3.61%,498,3.22
27-Mar-20,163.65,173.83,178.4,163.09,-5.86%,497,2.69
26-Mar-20,173.83,172.87,175.52,165.5,0.56%,496,2.6
25-Mar-20,172.87,178.44,179,166.13,-3.12%,495,3.16
24-Mar-20,178.44,170.11,181,168.72,4.90%,494,3.48
23-Mar-20,170.11,156.76,173.93,153.11,8.44%,493,4.14
22-Mar-20,156.87,168.43,185.66,153.66,-6.86%,492,4.82
21-Mar-20,168.43,160.61,174.5,155.95,4.87%,491,4.66
20-Mar-20,160.61,156.32,180.99,147.84,2.74%,490,6.65
19-Mar-20,156.32,124.31,171.42,118.55,25.75%,489,4.78
18-Mar-20,124.31,120.18,124.31,111.3,3.44%,488,2.74
17-Mar-20,120.18,112.09,125.85,110.19,7.22%,487,2.97
16-Mar-20,112.09,122.73,124.42,99.25,-8.67%,486,3.62
15-Mar-20,122.73,116.67,130.73,115.69,5.19%,485,2.51
14-Mar-20,116.67,122.39,125.95,114.59,-4.67%,484,3.44
13-Mar-20,122.39,105.86,127.99,84.01,14.84%,483,8.2
12-Mar-20,106.57,191.57,192.73,104,-44.37%,482,6.59
11-Mar-20,191.57,198.96,201.36,175.9,-3.71%,481,2.18
10-Mar-20,198.96,200.36,203.86,194.05,-0.70%,480,2.12
09-Mar-20,200.36,198.45,203.95,188.35,0.96%,479,3.46
08-Mar-20,198.45,234.82,235.35,194.81,-15.49%,478,2.93
07-Mar-20,234.82,249.3,250.11,231.27,-5.81%,477,1.77
06-Mar-20,249.3,243.05,251.99,239.02,2.57%,476,2.23
05-Mar-20,243.05,232.37,250.99,232.37,4.60%,475,2.35
04-Mar-20,232.37,248.3,251.32,221.6,-6.42%,474,2.28
03-Mar-20,248.3,254.74,255.77,242.45,-2.24%,473,2.74
02-Mar-20,254,229.88,260.86,228.36,10.31%,472,3.31
01-Mar-20,230.27,212.67,233.92,212.48,8.28%,471,3.46
29-Feb-20,212.67,218.15,222,210.03,-2.51%,470,2.64
28-Feb-20,218.15,227.8,231.88,209.54,-4.24%,469,3.2
27-Feb-20,227.8,224.94,238.39,216.06,1.27%,468,3.73
26-Feb-20,224.94,260.66,262.18,208.97,-13.70%,467,5.12
25-Feb-20,260.66,279.92,279.92,255.58,-6.88%,466,3.09
24-Feb-20,279.92,295.18,301.13,270,-5.56%,465,2.92
23-Feb-20,296.39,279.67,296.65,279.67,5.98%,464,2.9
22-Feb-20,279.67,288.69,290.11,275.6,-3.12%,463,2.68
21-Feb-20,288.69,286.16,296.06,282.6,0.88%,462,3.01
20-Feb-20,286.16,286.19,308,276.24,-0.01%,461,3.78
19-Feb-20,286.19,311.11,316.58,284.7,-7.64%,460,3.7
18-Feb-20,309.86,312.52,326.8,285.24,-0.59%,459,4.32
17-Feb-20,311.7,284.77,321,256.66,9.28%,458,4.96
16-Feb-20,285.24,310.61,323.11,270.28,-8.17%,457,4.46
15-Feb-20,310.61,361.52,362.42,301.33,-14.08%,456,3.4
14-Feb-20,361.52,357.99,364.49,348.57,0.99%,455,2.71
13-Feb-20,357.99,366.65,382.13,347,-2.36%,454,3.28
12-Feb-20,366.65,365.71,378.65,360.76,0.26%,453,2.64
11-Feb-20,365.71,353.04,372.14,345.27,3.52%,452,2.49
10-Feb-20,353.29,350.97,359.32,336.02,0.66%,451,3.03
09-Feb-20,350.97,335,369.91,325,4.77%,450,2.99
08-Feb-20,335,295.43,349.03,288.21,13.39%,449,3.22
07-Feb-20,295.43,294.2,302.43,286.98,0.42%,448,2.24
06-Feb-20,294.2,302,311.27,288,-2.58%,447,2.68
05-Feb-20,302,270.55,310.57,267.01,11.62%,446,3.22
04-Feb-20,270.55,282,284.43,265.47,-4.06%,445,2.14
03-Feb-20,282,278.4,288.45,275.6,1.29%,444,2.33
02-Feb-20,278.4,279.18,291.75,271.01,-0.28%,443,2.38
01-Feb-20,279.18,272.41,290,271,2.49%,442,2.32
31-Jan-20,272.41,298.97,298.97,262.02,-8.88%,441,2.85
30-Jan-20,298.97,286.8,308,283.97,4.44%,440,3.01
29-Jan-20,286.27,297.22,304.96,280.3,-3.61%,439,3.62
28-Jan-20,297,297.96,313,278.6,-0.37%,438,3.66
27-Jan-20,298.11,274.64,322.47,273,8.55%,437,3.81
26-Jan-20,274.64,260.64,277.69,253.2,5.13%,436,2.43
25-Jan-20,261.23,265.39,270.83,250.68,-1.57%,435,2.37
24-Jan-20,265.39,258.97,283.24,245.31,2.48%,434,3.72
23-Jan-20,258.97,307.09,307.33,244.46,-15.98%,433,3.6
22-Jan-20,308.22,314.52,327.25,295,-2%,432,2.71
21-Jan-20,314.52,303.9,328,290.18,3.53%,431,3.32
20-Jan-20,303.8,280.82,322,264.06,8.08%,430,4.35
19-Jan-20,281.1,249.63,281.31,236,12.53%,429,4.66
18-Jan-20,249.81,286.75,299.43,241.36,-12.88%,428,5.01
17-Jan-20,286.75,314.31,334.34,270,-8.77%,427,5.2
16-Jan-20,314.31,315.2,337.8,280.01,0.22%,426,5.13
15-Jan-20,313.62,422,426.77,280.66,-25.74%,425,6.63
14-Jan-20,422.33,173.78,458.04,173.66,144.08%,424,9.37
13-Jan-20,173.03,164.43,174.99,158.69,5.23%,423,2.63
12-Jan-20,164.43,151.12,169.55,147.52,8.81%,422,3.17
11-Jan-20,151.12,170.97,176.99,148.22,-11.68%,421,4.67
10-Jan-20,171.11,116.9,175,115.75,46.37%,420,4.7
09-Jan-20,116.9,113.89,118.39,112.14,2.64%,419,2.38
08-Jan-20,113.89,114.26,116.98,110.4,-0.32%,418,2.54
07-Jan-20,114.26,118.07,118.97,110.2,-3.23%,417,2.68
06-Jan-20,118.07,110.38,118.07,109.84,6.97%,416,2.48
05-Jan-20,110.38,109.59,114.5,109,0.72%,415,2.29
04-Jan-20,109.59,103.33,110.14,102.89,6.06%,414,2.41
03-Jan-20,103.33,93.7,104.61,92.26,10.28%,413,2.48
02-Jan-20,93.7,97.45,98,92.59,-3.85%,412,1.64
01-Jan-20,97.45,97.98,100.13,96.58,-0.53%,411,1.67
31-Dec-19,97.98,96.05,98.64,94.16,2.01%,410,2.06
30-Dec-19,96.05,100.6,100.64,91.93,-4.52%,409,2.42
29-Dec-19,100.6,94.26,101.66,92.78,6.26%,408,2.18
28-Dec-19,94.67,90.5,96.35,90.5,4.61%,407,2
27-Dec-19,90.5,87.44,91.93,86.24,3.49%,406,1.96
26-Dec-19,87.44,86.06,91.97,85.22,1.60%,405,1.57
25-Dec-19,86.06,87.1,87.47,84.75,-1.19%,404,1.65
24-Dec-19,87.1,86.09,87.39,85.6,1.17%,403,1.77
23-Dec-19,86.09,88.37,90.22,85.65,-2.58%,402,1.95
22-Dec-19,88.37,85.29,88.98,84.57,3.61%,401,1.54
21-Dec-19,85.29,88.55,89.45,84.51,-3.68%,400,1.61
20-Dec-19,88.55,85.04,89.2,84,4.13%,399,1.62
19-Dec-19,85.04,86.26,87.79,82.35,-1.41%,398,1.67
18-Dec-19,86.26,81.38,87.62,77.2,6%,397,2.17
17-Dec-19,81.38,89.68,89.68,81.13,-9.25%,396,2.14
16-Dec-19,89.68,93.72,93.72,88.18,-4.32%,395,1.57
15-Dec-19,93.72,93.11,93.93,92,0.66%,394,1.66
14-Dec-19,93.11,93.61,94.7,92.01,-0.54%,393,1.68
13-Dec-19,93.61,93.03,94.43,92,0.62%,392,1.68
12-Dec-19,93.03,94.69,95.4,91.72,-1.75%,391,1.97
11-Dec-19,94.69,96.03,96.1,94.51,-1.39%,390,1.65
10-Dec-19,96.03,95.81,97.79,94.83,0.23%,389,1.48
09-Dec-19,95.81,97.76,97.99,94.5,-2%,388,1.55
08-Dec-19,97.76,96.14,98,95,1.69%,387,1.43
07-Dec-19,96.14,97.58,98.22,95.03,-1.47%,386,1.59
06-Dec-19,97.58,95.01,97.78,94.38,2.71%,385,1.61
05-Dec-19,95.01,95.7,98.89,94.1,-0.73%,384,1.74
04-Dec-19,95.7,96.07,104.2,93.92,-0.39%,383,2.09
03-Dec-19,96.07,101.15,102.5,95.53,-5.02%,382,1.7
02-Dec-19,101.15,104.88,104.99,99.73,-3.56%,381,1.7
01-Dec-19,104.88,108.15,108.26,101.1,-3.02%,380,1.54
30-Nov-19,108.15,109.57,110.74,106.09,-1.30%,379,1.64
29-Nov-19,109.57,106.03,113.49,106.03,3.34%,378,1.81
28-Nov-19,106.03,108,109.54,105.08,-1.82%,377,1.75
27-Nov-19,108,106.89,110.36,100,1.04%,376,2.22
26-Nov-19,106.89,104.47,110.78,104.29,2.32%,375,2.27
25-Nov-19,104.47,100.1,112.46,94.55,5.33%,374,2.63
24-Nov-19,99.18,108.45,109.79,99,-8.55%,373,2.26
23-Nov-19,108.45,97.15,113.96,93.5,11.63%,372,2.9
22-Nov-19,97.15,100.8,103.71,88.72,-3.62%,371,2.57
21-Nov-19,100.8,106,108.12,96.2,-4.91%,370,2.22
20-Nov-19,106,109.97,111.21,105.58,-3.61%,369,1.93
19-Nov-19,109.97,116.82,116.95,106.73,-5.86%,368,1.7
18-Nov-19,116.82,123.85,123.85,113.5,-5.68%,367,1.3
17-Nov-19,123.85,123.47,125.44,120.51,0.31%,366,1.26
16-Nov-19,123.47,124.06,124.35,122.07,-0.12%,365,1.32
15-Nov-19,123.62,126.47,129.15,120.01,-2.25%,364,1.09
14-Nov-19,126.47,129.6,130.03,124.55,-2.42%,363,1.02
13-Nov-19,129.6,132.15,133.18,122.98,-1.93%,362,1.08
12-Nov-19,132.15,131.52,134,129.53,0.48%,361,1.25
11-Nov-19,131.52,134.97,136.48,129.93,-2.56%,360,1.5
10-Nov-19,134.97,130,140.77,129.03,3.82%,359,1.64
09-Nov-19,130,124.5,131,123.5,4.42%,358,1.67
08-Nov-19,124.5,133.69,133.8,121.43,-6.87%,357,1.64
07-Nov-19,133.69,139.69,139.69,130.75,-4.30%,356,1.57
06-Nov-19,139.69,138.29,142.37,136.94,1.01%,355,1.35
05-Nov-19,138.29,132.24,142.78,128.41,4.58%,354,1.57
04-Nov-19,132.24,129.19,134.32,124.58,2.36%,353,1.96
03-Nov-19,129.19,132.2,134.87,127.37,-2.28%,352,2.03
02-Nov-19,132.2,130.2,134.64,129.18,1.54%,351,2.07
01-Nov-19,130.2,129.48,131.17,125.68,0.56%,350,1.95
31-Oct-19,129.48,135.73,136.58,124.77,-4.60%,349,2.1
30-Oct-19,135.73,141.31,145.13,128.6,-3.95%,348,2.35
29-Oct-19,141.31,137.83,143.57,136.99,2.52%,347,2.62
28-Oct-19,137.83,140.45,146.49,135,-1.86%,346,2.58
27-Oct-19,140.44,140.28,147.77,133.88,0.11%,345,2.32
26-Oct-19,140.28,133.63,154.98,128,4.98%,344,3.08
25-Oct-19,133.63,106.81,137.66,106.81,25.11%,343,0
24-Oct-19,106.81,97.86,113.5,94.42,9.15%,342,2.18
23-Oct-19,97.86,106.38,107.71,92.83,-8.01%,341,2.24
22-Oct-19,106.38,112.65,114.9,105.71,-5.57%,340,2.19
21-Oct-19,112.65,95.32,115,94.81,18.18%,339,1.79
20-Oct-19,95.32,90.02,97.13,88.5,5.89%,338,1.6
19-Oct-19,90.02,90.75,92.25,89.49,-0.82%,337,1.61
18-Oct-19,90.76,89.67,92.44,86,1.22%,336,1.77
17-Oct-19,89.67,87.82,90.18,85.68,1.90%,335,1.66
16-Oct-19,88,89.57,93.69,84.57,-1.76%,334,1.82
15-Oct-19,89.57,87.4,90.3,85.1,2.49%,333,1.94
14-Oct-19,87.4,86.58,88.2,85.19,0.94%,332,1.56
13-Oct-19,86.58,87.01,89.74,85.2,-0.50%,331,1.69
12-Oct-19,87.01,84.1,87.1,83.76,3.46%,330,1.44
11-Oct-19,84.1,88.61,91.4,82.43,-5.08%,329,1.54
10-Oct-19,88.61,92.09,92.76,87.41,-3.78%,328,1.68
09-Oct-19,92.09,84.49,96.67,83.81,9%,327,1.47
08-Oct-19,84.49,84.38,85.9,83.79,0.12%,326,1.5
07-Oct-19,84.38,81.13,85.75,80.29,4.01%,325,1.51
06-Oct-19,81.13,82.84,84.11,79.6,-2.06%,324,1.32
05-Oct-19,82.84,83.39,83.39,82.08,-0.66%,323,1.37
04-Oct-19,83.39,83.17,84.26,82,0.26%,322,1.31
03-Oct-19,83.17,85.11,85.11,81.49,-2.28%,321,1.19
02-Oct-19,85.11,84.96,85.51,82.37,0.19%,320,1.29
01-Oct-19,84.95,88.14,90.4,84,-3.62%,319,1.38
30-Sep-19,88.14,82.94,88.92,80.78,5.79%,318,1.57
29-Sep-19,83.32,84.49,84.8,80.65,-1.38%,317,1.34
28-Sep-19,84.49,84.53,85.19,82.57,-0.05%,316,1.43
27-Sep-19,84.53,83.98,86.03,80.66,0.65%,315,1.87
26-Sep-19,83.98,86.74,86.84,78.51,-3.18%,314,1.92
25-Sep-19,86.74,82.81,89.5,81.6,4.74%,313,2.27
24-Sep-19,82.81,111.86,114.47,66.67,-26.06%,312,11.66
23-Sep-19,112,119.35,120.21,112,-6.16%,311,1.01
22-Sep-19,119.35,122.57,122.57,116.86,-2.63%,310,1.16
21-Sep-19,122.57,123.29,124.03,121.84,-0.58%,309,1.25
20-Sep-19,123.29,123.22,127.18,122,0.06%,308,1.23
19-Sep-19,123.22,125.43,126.11,118.62,-1.76%,307,1.15
18-Sep-19,125.43,125.25,130.1,122.08,0.14%,306,1.27
17-Sep-19,125.25,123.15,127.63,120.35,1.71%,305,977.27
16-Sep-19,123.15,120.43,124,119.24,2.26%,304,1.01
15-Sep-19,120.43,119.51,124.72,118,0.77%,303,808.34
14-Sep-19,119.51,117.83,120.73,116.97,1.43%,302,872.76
13-Sep-19,117.83,118.9,119,115.37,-0.90%,301,1.22
12-Sep-19,118.9,119.66,120,116.66,-0.64%,300,819.22
11-Sep-19,119.66,126.83,127.76,110.93,-5.65%,299,1.54
10-Sep-19,126.83,131.12,132.1,125.06,-3.27%,298,1.32
09-Sep-19,131.12,135.96,138.61,129.6,-3.56%,297,1.26
08-Sep-19,135.96,134.65,138.95,133.3,0.97%,296,1.1
07-Sep-19,134.65,131.15,136.5,130.59,2.67%,295,1.2
06-Sep-19,131.15,130.59,138.35,129.59,0.43%,294,1.21
05-Sep-19,130.59,132.19,133.72,129,-1.21%,293,1.09
04-Sep-19,132.19,135.2,135.4,131.38,-2.23%,292,1.05
03-Sep-19,135.2,134.22,137.77,133.47,0.73%,291,1.2
02-Sep-19,134.22,130.48,137.14,129.29,2.87%,290,1.05
01-Sep-19,130.48,129.59,130.48,127.29,0.69%,289,1.04
31-Aug-19,129.59,130.3,130.59,127.17,-0.54%,288,1.02
30-Aug-19,130.3,128.7,131.6,125.83,1.24%,287,1.11
29-Aug-19,128.7,125.2,136.63,120.09,2.80%,286,1.15
28-Aug-19,125.2,134.08,134.08,124,-6.62%,285,974.37
27-Aug-19,134.08,131.45,136.12,127.56,2%,284,1.14
26-Aug-19,131.45,132.82,137.33,129.1,-1.03%,283,1.1
25-Aug-19,132.82,133.42,135.74,130.93,-0.55%,282,1.04
24-Aug-19,133.56,136.52,136.62,131.26,-2.17%,281,960.46
23-Aug-19,136.52,134.54,136.93,132.91,1.34%,280,1
22-Aug-19,134.72,134.12,137.34,129.55,0.39%,279,1.05
21-Aug-19,134.2,140.7,140.7,130,-4.62%,278,1.01
20-Aug-19,140.7,145.99,145.99,139.34,-3.62%,277,911.75
19-Aug-19,145.99,136.27,147.58,135.82,7.13%,276,1.03
18-Aug-19,136.27,133.84,138.61,131.93,1.82%,275,937.45
17-Aug-19,133.84,135.2,136.65,130.77,-1.01%,274,992.4
16-Aug-19,135.2,136.18,138,130.2,-0.72%,273,1.11
15-Aug-19,136.18,135.3,138.69,123.75,0.65%,272,1.45
14-Aug-19,135.3,143.86,154.73,129.03,-5.95%,271,1.32
13-Aug-19,143.86,142.78,144.5,139.06,0.76%,270,914.18
12-Aug-19,142.78,146.54,148.12,142.4,-2.52%,269,737.49
11-Aug-19,146.47,141.52,147.65,140.58,3.14%,268,978.03
10-Aug-19,142.01,140.73,146.4,138.01,0.91%,267,1.02
09-Aug-19,140.73,145.24,149.09,138.51,-3.11%,266,1.04
08-Aug-19,145.24,146.87,147.87,140.6,-1.11%,265,990.62
07-Aug-19,146.87,147.48,152.3,144.3,-0.41%,264,1.03
06-Aug-19,147.48,153.24,160.16,143.08,-3.76%,263,1.14
05-Aug-19,153.24,150.16,157.47,150.08,2.05%,262,1.02
04-Aug-19,150.16,150.75,152.71,146.18,-0.39%,261,1.06
03-Aug-19,150.75,148.12,154.88,147.34,1.78%,260,1.03
02-Aug-19,148.12,146.12,157.09,144.88,1.37%,259,958.89
01-Aug-19,146.12,147.78,149.67,141.23,-1.12%,258,996.67
31-Jul-19,147.78,146,151.42,144.68,1.22%,257,1.24
30-Jul-19,146,146.41,151.97,142.11,-0.28%,256,1.12
29-Jul-19,146.41,147.16,154,142.18,-0.07%,255,1.24
28-Jul-19,146.51,151.24,151.24,136.9,-3.13%,254,1.08
27-Jul-19,151.24,162.69,165.27,145.01,-7.04%,253,1.31
26-Jul-19,162.69,161.42,165,156.02,0.79%,252,995.57
25-Jul-19,161.42,167.13,171,161.34,-3.42%,251,971.17
24-Jul-19,167.13,169.86,170.89,156.22,-1.61%,250,1.36
23-Jul-19,169.86,168.31,180.99,162.97,0.92%,249,1.38
22-Jul-19,168.31,177.21,179.11,162.6,-4.79%,248,1.2
21-Jul-19,176.77,173.15,187.98,165.09,2.20%,247,1.39
20-Jul-19,172.97,146.28,181.5,146.28,18.25%,246,1.72
19-Jul-19,146.28,134.9,147.29,133.9,8.35%,245,1.22
18-Jul-19,135.01,119.81,139.11,117.82,12.69%,244,1.59
17-Jul-19,119.81,110.41,124.5,108.44,8.51%,243,1.8
16-Jul-19,110.41,128.59,134.77,109.5,-14.14%,242,1.84
15-Jul-19,128.59,127.01,132,107,0.70%,241,2.16
14-Jul-19,127.7,153.92,155.52,127,-17.03%,240,1.34
13-Jul-19,153.92,166.33,166.33,147.56,-7.46%,239,852.55
12-Jul-19,166.33,162.99,170,154.01,2.05%,238,1.07
11-Jul-19,162.99,191,191,151.2,-14.66%,237,1.38
10-Jul-19,191,204.75,208.93,181.59,-6.72%,236,1.07
09-Jul-19,204.75,201.8,213.97,200.9,1.46%,235,965.34
08-Jul-19,201.8,200.85,202.58,197.4,0.47%,234,792.27
07-Jul-19,200.85,199.59,203.64,188.83,0.63%,233,787.58
06-Jul-19,199.59,199.16,204.98,196.38,0.22%,232,703.49
05-Jul-19,199.16,196.37,204.34,195.3,1.42%,231,795.01
04-Jul-19,196.37,203.88,205.81,194.47,-3.68%,230,796.15
03-Jul-19,203.88,196.63,205.09,196.46,3.69%,229,820.12
02-Jul-19,196.63,198.98,199.87,183.75,-1.18%,228,794.5
01-Jul-19,198.98,193.68,203.96,188.42,2.74%,227,853.15
30-Jun-19,193.68,213.37,218.54,192.7,-9.23%,226,888.87
29-Jun-19,213.37,209.09,215.63,202.27,2.05%,225,815.03
28-Jun-19,209.09,196.94,226.05,192.78,6%,224,1.15
27-Jun-19,197.25,216.58,223.82,182.09,-9.62%,223,1.62
26-Jun-19,218.25,237.11,246.91,189.73,-7.95%,222,1.73
25-Jun-19,237.11,236.41,247.46,233.34,0.30%,221,887.12
24-Jun-19,236.41,239.14,240,228.63,-1.14%,220,806.28
23-Jun-19,239.14,240.57,246.49,238,-0.59%,219,991.26
22-Jun-19,240.57,223,253,221.14,7.88%,218,1.49
21-Jun-19,223,217.83,226.96,217.29,2.46%,217,926.02
20-Jun-19,217.65,224.5,227.4,209.55,-3.05%,216,828.69
19-Jun-19,224.5,223.1,227.3,220.98,0.63%,215,587.76
18-Jun-19,223.1,225.1,231.57,217.85,-0.89%,214,903.73
17-Jun-19,225.1,212.04,236.64,212.04,6.16%,213,1.01
16-Jun-19,212.04,209.91,219.64,207.62,1.01%,212,780
15-Jun-19,209.91,215.02,215.4,204.05,-2.38%,211,704.32
14-Jun-19,215.02,213.23,215.89,203,0.84%,210,891.14
13-Jun-19,213.23,190.31,220.38,189.44,12.04%,209,1.13
12-Jun-19,190.31,186.14,193.14,184.61,2.24%,208,842.49
11-Jun-19,186.14,192.5,193.32,181.69,-3.30%,207,774.16
10-Jun-19,192.5,184.27,194,179.01,4.47%,206,1.05
09-Jun-19,184.27,194.19,199.17,178.7,-5.11%,205,1.04
08-Jun-19,194.19,202,204.31,188.26,-3.87%,204,938.46
07-Jun-19,202,198.1,209,192.19,1.90%,203,1.14
06-Jun-19,198.24,215.79,217.19,174.71,-8.43%,202,1.52
05-Jun-19,216.5,228.43,233.45,204,-5.22%,201,1.52
04-Jun-19,228.43,218.11,234.03,207.79,4.77%,200,1.67
03-Jun-19,218.03,192.3,237.39,192.3,13.33%,199,2.18
02-Jun-19,192.39,188.06,194.19,183.5,2.30%,198,716.99
01-Jun-19,188.06,195.5,195.5,183.48,-3.74%,197,831.43
31-May-19,195.36,182.8,199.23,175.01,6.87%,196,1.51
30-May-19,182.8,207.15,252.06,173,-11.16%,195,3.26
29-May-19,205.77,122.49,205.77,115.17,67.99%,194,37.4
28-May-19,122.49,116.97,127.29,114.11,4.72%,193,1.06
27-May-19,116.97,106.42,123.32,104.4,9.91%,192,1.42
26-May-19,106.42,92.54,113.42,89.1,15%,191,1.26
25-May-19,92.54,99.28,100.01,86,-6.79%,190,907.12
24-May-19,99.28,101.26,101.95,96.46,-1.96%,189,993.23
23-May-19,101.26,105.7,105.7,95.55,-4.67%,188,1.02
22-May-19,106.22,106.04,118.77,98.1,0.47%,187,1.47
21-May-19,105.72,63.35,127.09,61.83,66.89%,186,2.49
20-May-19,63.35,65.33,65.33,60.62,-3.04%,185,627.72
19-May-19,65.33,59.8,66.81,59.64,9.25%,184,843.78
18-May-19,59.8,61.13,61.34,59.21,-2.18%,183,481.13
17-May-19,61.13,64.68,65.48,56.52,-5.48%,182,1
16-May-19,64.68,71.86,75.05,63.38,-9.99%,181,1.33
15-May-19,71.86,60.16,73.74,59.35,19.44%,180,543.97
14-May-19,60.16,60.07,63.32,57.75,0.14%,179,368.48
13-May-19,60.07,57.73,61.19,57.41,4.06%,178,349.53
12-May-19,57.73,60.91,64,56.49,-5.23%,177,379.24
11-May-19,60.91,58.33,62.83,57.28,4.43%,176,462.15
10-May-19,58.33,57.73,59.3,56.7,1.03%,175,316.27
09-May-19,57.73,60.82,61.4,57.29,-5.39%,174,361.33
08-May-19,61.03,55.27,61.45,54.79,10.41%,173,458.61
07-May-19,55.27,55.5,56.6,55.27,-0.40%,172,303.77
06-May-19,55.5,56.27,56.27,54.38,-1.38%,171,309.42
05-May-19,56.27,55.78,57.6,55.78,0.88%,170,304.1
04-May-19,55.78,56.57,57.57,55.38,-1.40%,169,348.82
03-May-19,56.57,55.42,57.74,55.3,2.07%,168,328.8
02-May-19,55.42,55.98,56.56,54.85,-0.99%,167,414.07
01-May-19,55.98,56.59,57.5,55.31,-1.08%,166,375.94
30-Apr-19,56.59,55.2,56.94,54.8,2.52%,165,365.4
29-Apr-19,55.2,56.22,56.61,54,-1.81%,164,429.65
28-Apr-19,56.22,56.2,57.55,55.75,0.02%,163,381.29
27-Apr-19,56.2,55.61,56.52,54.29,1.14%,162,364.3
26-Apr-19,55.57,51.99,56.99,51.88,7.11%,161,453.18
25-Apr-19,51.88,54.44,56.47,50.38,-4.69%,160,432.54
24-Apr-19,54.44,56.12,56.44,51,-3.19%,159,460.2
23-Apr-19,56.23,57.82,59.22,56.23,-2.76%,158,398.45
22-Apr-19,57.82,56.78,59.4,55.73,1.84%,157,333.55
21-Apr-19,56.78,58.96,59.1,54.93,-3.71%,156,463.53
20-Apr-19,58.96,59.57,60.43,58.6,-1.37%,155,432.19
19-Apr-19,59.78,59.67,61.1,58.18,0.20%,154,423.84
18-Apr-19,59.67,55.52,61.83,55.06,7.46%,153,755.4
17-Apr-19,55.52,57.33,57.6,55,-4%,152,523.3
16-Apr-19,57.84,59.11,61.48,54,-2.15%,151,812.61
15-Apr-19,59.11,71.92,74.26,58.5,-17.67%,150,1.05
14-Apr-19,71.79,70.43,71.79,69.51,1.93%,149,388.15
13-Apr-19,70.43,72,72.65,69.71,-2.17%,148,439.19
12-Apr-19,72,71.88,74.74,69.41,0.17%,147,535.31
11-Apr-19,71.88,80.05,84.31,68.85,-10.21%,146,625.23
10-Apr-19,80.05,79.11,82.95,79.07,1.75%,145,381.65
09-Apr-19,78.67,83.8,83.93,77.88,-6.12%,144,547.74
08-Apr-19,83.8,87.19,89,81.45,-3.88%,143,648.9
07-Apr-19,87.19,85.46,88.65,84.09,2.02%,142,609.91
06-Apr-19,85.46,84.91,90.88,83.3,0.65%,141,643.64
05-Apr-19,84.91,83.4,87.1,82.84,1.81%,140,611.87
04-Apr-19,83.4,83.21,93.71,81.07,0.23%,139,996.5
03-Apr-19,83.21,79.52,97.85,78.97,4.50%,138,9.73
02-Apr-19,79.63,66.71,81.94,66.71,19.37%,137,3.98
01-Apr-19,66.71,65.9,67.5,65.39,1.23%,136,814.7
31-Mar-19,65.9,65.86,66.03,65.3,0.09%,135,447.54
30-Mar-19,65.84,65.6,67.89,65.44,0.37%,134,758.99
29-Mar-19,65.6,65,66.17,64.76,0.92%,133,680.05
28-Mar-19,65,66.31,66.31,64.56,-1.98%,132,544.72
27-Mar-19,66.31,64.55,66.39,64.25,2.72%,131,553.58
26-Mar-19,64.55,64.7,65.43,63.13,-0.22%,130,631.5
25-Mar-19,64.7,66.41,66.41,63.63,-2.58%,129,733.99
24-Mar-19,66.41,67.8,67.8,66.23,-2.05%,128,563.54
23-Mar-19,67.8,67.24,68.68,66.93,0.82%,127,777.01
22-Mar-19,67.25,66.27,67.8,66,1.48%,126,524.27
21-Mar-19,66.27,67.63,69.4,65.07,-2.02%,125,1.01
20-Mar-19,67.63,67.77,67.83,66.87,-0.12%,124,680.65
19-Mar-19,67.71,68.05,68.17,66.78,-0.50%,123,599.49
18-Mar-19,68.05,69.24,71.32,67.02,-1.72%,122,1.06
17-Mar-19,69.24,70.16,70.24,68.12,-1.31%,121,656.01
16-Mar-19,70.16,68.4,73.14,68.38,2.58%,120,1.72
15-Mar-19,68.4,66.88,69.3,66.32,2.28%,119,503.16
14-Mar-19,66.88,65.74,68.29,65.58,1.73%,118,513.55
13-Mar-19,65.74,66.8,66.8,65.25,-1.59%,117,363.23
12-Mar-19,66.8,65.9,66.96,64.84,1.36%,116,357.82
11-Mar-19,65.9,67.71,67.92,65.7,-2.67%,115,462.79
10-Mar-19,67.71,67.63,69.72,66.82,0.12%,114,338.87
09-Mar-19,67.63,66.11,69.64,65.88,2.29%,113,489.95
08-Mar-19,66.11,67.82,71.05,66.05,-2.52%,112,747.87
07-Mar-19,67.82,67.86,68.16,67.2,-0.06%,111,371.76
06-Mar-19,67.86,68.08,68.6,67.04,-0.33%,110,437.55
05-Mar-19,68.08,64.02,68.65,64.02,6.36%,109,826.96
04-Mar-19,64.02,66.08,66.32,63.37,-3.12%,108,504.83
03-Mar-19,66.08,67.74,68.07,66.04,-2.45%,107,407.83
02-Mar-19,67.74,67.99,68.6,66.99,-0.38%,106,322.82
01-Mar-19,67.99,68.07,69.57,67.44,-0.11%,105,476.57
28-Feb-19,68.07,68.89,70.5,67.44,-1.20%,104,886.02
27-Feb-19,68.89,75.33,75.33,67.26,-8.88%,103,1.71
26-Feb-19,75.61,69.09,76.92,69.09,9.43%,102,4.17
25-Feb-19,69.09,61.87,72.58,61.63,11.67%,101,453.81
24-Feb-19,61.87,70.21,71.01,61.38,-11.88%,100,337.16
23-Feb-19,70.21,66.87,70.35,66,5%,99,230
22-Feb-19,66.87,66.32,67.45,65.61,0.82%,98,183.86
21-Feb-19,66.32,68.41,69.01,65.51,-2.95%,97,182.2
20-Feb-19,68.34,67.85,69.09,66.51,0.65%,96,211.35
19-Feb-19,67.9,68.95,72.04,67.82,-1.52%,95,287.23
18-Feb-19,68.95,64.06,72.7,64.06,7.64%,94,337.37
17-Feb-19,64.06,63.14,65.07,62.92,1.46%,93,191.06
16-Feb-19,63.14,63.25,64.23,63.02,-0.17%,92,134.14
15-Feb-19,63.25,63.62,64.74,62.71,-0.59%,91,142.19
14-Feb-19,63.62,65.21,65.61,63.62,-2.61%,90,156.79
13-Feb-19,65.33,66.46,67.16,64.82,-1.70%,89,163.53
12-Feb-19,66.46,65.68,67.72,64.8,1.19%,88,189.81
11-Feb-19,65.68,67.52,67.53,65.45,-2.73%,87,165.86
10-Feb-19,67.52,66.85,67.53,64.42,1%,86,170.71
09-Feb-19,66.85,68.16,68.84,66.13,-1.92%,85,181.95
08-Feb-19,68.16,63.44,70.54,62.55,7.44%,84,287.93
07-Feb-19,63.44,63.89,66.67,62.06,-0.71%,83,256.75
06-Feb-19,63.89,61.81,70,58.07,3.37%,82,416.4
05-Feb-19,61.81,63.56,63.56,61.56,-2.77%,81,166.24
04-Feb-19,63.56,64.68,64.82,63.53,-1.72%,80,143.53
03-Feb-19,64.68,66.55,66.74,64.16,-2.81%,79,152.66
02-Feb-19,66.55,65.14,66.9,65.03,2.16%,78,168.87
01-Feb-19,65.14,64.72,65.87,64.12,0.66%,77,164.85
31-Jan-19,64.72,67.55,68.76,63.61,-4.19%,76,168.99
30-Jan-19,67.55,64.26,69.07,63.71,5.12%,75,205.46
29-Jan-19,64.26,65.7,66.47,62.3,-2.19%,74,199
28-Jan-19,65.7,72.15,72.15,62.92,-8.95%,73,242.1
27-Jan-19,72.15,74.66,74.73,71.28,-3.36%,72,143.34
26-Jan-19,74.66,75.5,76.4,74.32,-1.11%,71,128.91
25-Jan-19,75.5,75.65,77.79,74.4,-0.20%,70,148.86
24-Jan-19,75.65,76.35,76.42,74.63,-0.91%,69,126.64
23-Jan-19,76.35,76.86,77.43,75.73,-0.66%,68,157.88
22-Jan-19,76.86,75.08,77.77,72.38,2.37%,67,169.06
21-Jan-19,75.08,75.23,77.42,74.21,-0.20%,66,143.93
20-Jan-19,75.23,78.16,78.31,73.74,-3.76%,65,141.44
19-Jan-19,78.16,76.48,80.11,76.04,2.20%,64,152.95
18-Jan-19,76.48,78.91,78.91,75.74,-3.08%,63,159.19
17-Jan-19,78.91,78.65,79.07,76.63,0.33%,62,161
16-Jan-19,78.65,78.13,80.13,77.29,0.67%,61,187.22
15-Jan-19,78.13,81.25,83.02,77.14,-3.84%,60,208.23
14-Jan-19,81.25,78.38,84.12,77.28,3.66%,59,279.8
13-Jan-19,78.38,84.01,88.67,75.38,-6.70%,58,458.95
12-Jan-19,84.01,75.52,86.46,75.52,11.24%,57,499.46
11-Jan-19,75.52,76.8,77.18,74.4,-1.66%,56,192.51
10-Jan-19,76.8,88.1,91.22,76.21,-12.83%,55,276.92
09-Jan-19,88.1,89.47,90.1,87.47,-1.53%,54,106.84
08-Jan-19,89.47,89.81,90.59,88.09,-0.38%,53,138.96
07-Jan-19,89.81,92.3,92.85,89.59,-2.69%,52,120.12
06-Jan-19,92.3,90.18,93.77,88.86,2.35%,51,170.93
05-Jan-19,90.18,89.94,93.99,88.87,0.26%,50,187.67
04-Jan-19,89.94,90.5,92.27,87.12,-0.62%,49,220.52
03-Jan-19,90.5,97.39,99.37,89.41,-7.08%,48,244.82
02-Jan-19,97.39,94.7,98.89,92.91,2.84%,47,271.39
01-Jan-19,94.7,86.81,98.11,86.39,9.09%,46,320.6
31-Dec-18,86.81,91.5,91.5,86.58,-5.13%,45,152.9
30-Dec-18,91.5,91.23,92.54,89.68,0.72%,44,174.45
29-Dec-18,90.84,96,96.75,90.5,-5.37%,43,266.27
28-Dec-18,96,86.6,97.57,84.07,10.85%,42,395.96
27-Dec-18,86.6,96.95,99.71,85.66,-10.68%,41,314.21
26-Dec-18,96.95,95.21,102.58,92.63,1.83%,40,386.76
25-Dec-18,95.21,104.49,104.5,90.52,-8.88%,39,501.87
24-Dec-18,104.49,109.48,116.35,103.03,-4.56%,38,529.39
23-Dec-18,109.48,111.87,117,107.72,-2.14%,37,480.94
22-Dec-18,111.87,111.27,118.69,104.94,0.54%,36,583.8
21-Dec-18,111.27,114.18,134,105.37,-2.55%,35,1.34
20-Dec-18,114.18,88.31,125.23,86.62,29.30%,34,1.36
19-Dec-18,88.31,86.7,99.77,84.16,1.85%,33,725.47
18-Dec-18,86.7,83.96,87.05,78.72,3.26%,32,440.55
17-Dec-18,83.96,78.68,85,75.8,6.71%,31,445.05
16-Dec-18,78.68,68.9,80.79,68.46,14.20%,30,449.11
15-Dec-18,68.9,71.53,74.56,65.03,-3.68%,29,301.75
14-Dec-18,71.53,79.41,82.5,70.63,-9.92%,28,312.03
13-Dec-18,79.41,89.7,90.23,78.44,-11.47%,27,236.58
12-Dec-18,89.7,90.81,92.05,88.04,-1.23%,26,167.78
11-Dec-18,90.81,96.22,96.22,87.7,-5.62%,25,212.25
10-Dec-18,96.22,98.29,102.83,95.72,-2.10%,24,203.49
09-Dec-18,98.29,99.7,101.9,94.42,-1.42%,23,268.4
08-Dec-18,99.7,105.24,106.1,98.21,-5.26%,22,259.8
07-Dec-18,105.24,104.7,114,97,0.52%,21,704.15
06-Dec-18,104.7,87,108.92,86.66,20.34%,20,655.77
05-Dec-18,87,90.47,94.37,86,-3.84%,19,292.89
04-Dec-18,90.47,96.64,96.64,89.08,-6.38%,18,240.81
03-Dec-18,96.64,100.26,100.54,93.2,-4.56%,17,404.85
02-Dec-18,101.25,94.2,104.97,93.2,7.47%,16,516.55
01-Dec-18,94.21,96.4,98.28,87.96,-2.27%,15,348.68
30-Nov-18,96.4,95.85,104.75,91.57,1.21%,14,520.84
29-Nov-18,95.25,91.77,98.23,86.95,3.98%,13,469.39
28-Nov-18,91.6,94.7,109,80.37,-0.97%,12,958.06
27-Nov-18,92.5,106.81,117.4,84.24,-14.19%,11,899.21
26-Nov-18,107.8,88.7,123.98,87.56,23.91%,10,1.62
25-Nov-18,87,59,91.99,57,46.49%,9,1.24
24-Nov-18,59.39,58.42,66.5,57,1.61%,8,757.29
23-Nov-18,58.45,43.2,61.6,38.53,31.57%,7,672.78
22-Nov-18,44.43,56.3,57.5,42.46,-21.09%,6,230.57
21-Nov-18,56.3,57.1,58.49,53.55,-1.35%,5,263.68
20-Nov-18,57.07,70,73.68,53,-18.72%,4,552.35
19-Nov-18,70.22,111.44,114.47,70.22,-36.25%,3,413.76
